CLIENTNUM,Cluster_ID
768805383,1
818770008,1
713982108,2
769911858,1
709106358,2
713061558,1
810347208,1
818906208,1
710930508,1
719661558,1
708790833,1
710821833,1
710599683,2
816082233,1
712396908,1
714885258,1
709967358,1
753327333,1
806160108,1
709327383,1
806165208,1
708508758,1
784725333,1
811604133,1
789124683,2
771071958,1
720466383,1
804424383,1
718813833,2
806624208,1
778348233,1
712991808,1
709029408,1
788658483,1
787937058,1
715318008,1
713962233,1
785432733,2
715190283,1
708300483,1
827111283,1
758551608,1
773146383,1
778493808,2
720572508,1
712661433,2
789172683,1
738406533,1
799723908,1
771490833,1
720756708,1
779471883,1
711525033,1
712813458,1
714374133,1
717891558,1
716632758,1
768563658,1
711427458,1
714091983,1
787584108,1
712030833,1
711481533,1
710082708,1
708155733,1
788979258,1
807986133,1
788730933,1
711314058,1
717975333,1
715971108,1
720096558,1
719580033,1
820582308,1
789973308,1
712876233,1
804595158,1
714826758,1
779058108,1
710790258,1
715623483,1
715156383,1
711013983,1
755420433,1
794543958,1
716396358,1
715398033,1
711743883,2
719720058,1
778992108,2
717539808,2
714070758,1
714107958,2
789140283,1
715550508,1
719712633,1
772629333,1
720336708,1
802013583,1
711887583,1
714778833,1
713843283,1
779155158,1
721091583,1
713572683,2
716657058,1
779509983,1
717929133,1
808284783,2
708476808,1
710916408,1
708492558,1
799825758,1
718619883,1
711844758,1
714798783,1
826762908,1
771894558,1
721074183,1
715259583,1
718414008,1
719666283,1
714877233,1
785387883,1
771075258,1
711318033,2
783554958,2
720201033,1
718039683,1
710806083,1
714752208,1
822063408,1
714490308,1
713356833,1
711402333,1
708296883,1
719154483,1
717721458,1
711112683,1
715674483,1
789322833,1
789968058,1
709919283,1
718744008,1
767712558,1
712950783,2
716104983,1
818839983,1
772288758,1
712350858,1
711009708,2
712720158,1
712215258,2
773827008,1
795232683,1
713786508,2
713539833,2
712454058,1
718759833,2
718803333,1
720253908,1
714133158,1
713187033,1
714791208,1
772426383,1
710975883,1
714264408,1
715827858,1
713741358,1
709531908,2
716493408,1
714141108,1
708953883,2
712608783,1
820353558,1
714964758,1
716264358,1
717296808,1
712977183,1
710829108,1
779562633,1
715315833,1
815500983,1
719360583,1
709701558,1
721148358,2
779862408,1
812627208,1
711033408,1
779956608,2
780376683,1
717912483,2
714454758,1
780466533,1
715735233,1
720476733,1
715872333,1
712375758,1
708868233,1
718030083,1
720707283,1
771698658,1
748326258,1
770817783,1
779353083,1
711441333,1
719808558,2
711551958,2
809164083,1
820596183,1
715999608,1
710565408,1
805543158,1
709752183,1
716479233,1
713837058,1
718876683,1
770746908,1
794843883,1
803043933,1
758076408,1
714606558,1
778425408,1
714171108,1
719662458,1
713137233,1
769425858,2
711297483,1
788900883,1
758348808,1
772336458,1
708711483,1
717906783,1
719437908,1
769433508,1
790096533,1
720997383,1
787541883,2
709930758,1
789830058,1
710299608,1
710741208,1
821797008,2
708874533,1
715341858,1
793636308,1
713779908,1
712125258,2
709703433,1
721022433,1
710103558,1
715952883,1
719731458,1
772390908,1
787348608,1
709485033,1
715432608,1
799471833,1
714187533,1
779656908,1
788950158,1
778867533,2
710620383,1
778661358,1
789483333,1
809855808,1
718464258,1
708528483,1
771809733,2
719942883,1
807226683,1
717806133,2
720615708,2
714511758,1
715050408,1
721132233,1
719211558,2
712069008,1
715996983,1
773466258,1
798983508,1
719117433,1
716451183,1
718621608,2
715085733,1
788977833,1
720272958,2
708421833,1
709173108,1
709879458,1
715120608,1
770632758,1
779078733,1
771742533,1
720250158,1
716458983,1
713747733,1
712270158,1
789562383,1
754897008,1
819700533,1
712890408,1
720248208,1
779749908,1
717401883,1
721509558,1
710572458,2
714576183,1
721425558,2
711109908,1
715203108,1
710027508,1
787464408,2
783542133,1
708330858,1
714426783,1
712701333,1
709494483,1
773373108,1
715812258,1
778286433,1
789270033,2
711569433,1
720214833,1
709346133,1
788194458,1
720779733,1
717424458,1
708820308,1
710558058,1
770590758,1
718490658,1
711985833,1
708967608,1
718505958,1
715024233,1
779249583,1
709278258,1
778928283,1
712299858,1
799224108,1
809976033,1
716203308,1
714871683,1
716139933,1
716984658,2
713086008,1
713773458,1
719242533,1
772712658,1
788868858,1
811898133,1
788808633,1
779804208,2
781391058,1
790134408,1
788853258,1
711857733,1
822969858,1
719554758,1
711643458,2
788830683,1
807030858,1
793059108,1
716568708,2
828281733,1
717229158,1
715915458,1
819129858,1
713441958,1
719091333,1
708666258,1
714914583,1
714363858,1
721347408,1
809608533,1
772047183,1
714217908,1
714819183,1
716455683,1
710865633,1
752952108,1
712595433,1
714982383,1
813814008,1
794545983,1
708288108,1
715585158,1
810449883,1
789863208,1
715022133,1
712506708,3
715699983,1
818942433,1
712459233,1
716545383,1
721144383,2
821837958,1
804359133,1
713308683,1
788780958,1
717354558,1
798473808,2
712372158,1
715192308,1
708813033,1
714639783,2
709311633,2
709470858,1
717292758,2
779241783,1
715205358,1
778871508,1
779462433,1
710147958,1
709864833,1
778868958,1
717276708,1
710004933,1
753606108,2
710940183,2
718927533,1
719337408,2
772308408,1
712981383,1
790099758,1
709547658,1
778770783,1
713134458,2
712159083,2
713639958,1
771180033,1
717916758,1
711089733,2
716988633,2
779031033,1
716302383,1
718281408,1
721333233,1
794496033,1
710519433,1
814995933,1
721469433,1
788386908,1
717198633,3
767695083,2
711791583,2
712315683,1
710038008,2
789129033,1
718349058,1
789842283,2
714513033,2
714717483,2
714900408,2
719418933,2
720115683,1
779504058,1
795979833,1
717392358,2
718640508,1
803366358,1
709230708,1
781794708,1
801383808,1
710677608,1
708217758,1
714272658,1
717469158,1
711864783,1
719407983,3
710665533,1
716804283,1
767294658,1
709122483,3
708241233,2
717860358,1
789337233,1
720902133,2
721043058,1
711870333,1
708398283,1
715878183,2
719451483,1
709110633,1
721059033,1
779912283,1
717701733,1
709913733,1
718768158,2
721375308,1
711374283,1
822893133,2
778465533,2
712138983,1
716920908,1
708095133,1
711195558,1
772735758,1
712024908,1
778239933,1
714893733,2
754886958,1
710104908,1
710558883,1
713827383,1
720267033,3
712049208,1
708688608,1
716223708,1
713217858,2
819352983,1
711019308,1
768600558,1
710202783,1
712899333,1
767036433,1
793473033,1
721232058,1
719443683,1
715449333,3
717998058,1
779610033,1
827332983,1
721183983,1
718426533,2
710698233,1
780253533,1
793581933,1
719229708,1
715158483,1
809296308,1
778176108,1
796532958,1
709345008,2
717049533,1
719366358,1
721417233,2
711622683,1
714578283,2
769574883,1
717643608,1
709198158,1
712419708,1
709103358,2
716966808,1
772264383,2
721057758,2
769137108,2
717640083,2
716445783,2
708579633,1
718715583,1
778686408,2
715015683,1
805254708,1
710462433,2
721342383,2
720179883,2
794977533,2
779445108,3
718193958,1
710955633,1
716149383,1
752604633,2
713889933,2
709446783,1
789115833,1
711242058,1
787623858,1
709040508,1
708864708,1
717758583,1
715416633,2
717956283,1
721379433,2
712027683,1
716027208,2
720475233,1
712275108,1
718121658,1
711593808,2
716222808,1
718731183,1
788779008,1
710404533,1
711173058,1
715383108,1
711697158,1
709186983,1
808964433,1
711948333,1
710541858,1
713865333,2
797707008,2
713490483,2
720370533,2
779743908,2
718675158,1
710784333,1
816596583,2
717517758,1
712880283,1
753226158,1
720605808,2
758317233,1
711028308,2
814852533,1
711526533,1
804403908,1
716999883,1
716452083,1
787599258,1
714495258,1
717713283,1
789317883,1
714500883,1
789467508,3
710317758,1
711231558,1
716829483,1
779713608,1
711628458,2
718943508,1
770724558,2
783561558,2
719309958,2
788785083,3
780481308,1
711757383,2
787550808,1
779863533,2
714529233,1
708177333,1
812019933,1
708557358,1
713580633,2
711466533,1
802276683,1
780913308,1
808897683,2
719428308,1
713010483,1
717006333,1
787621158,2
716924058,1
720916683,1
720923658,1
712710708,1
718939083,1
779519058,1
719085933,2
715124958,1
712979133,1
712006308,1
710801133,3
712490283,1
720071583,1
717958833,1
812420358,1
712370208,1
715940358,1
715041333,1
712797258,1
769170558,2
715884858,1
796343058,2
783910008,1
718888308,1
785114808,2
709852908,2
823528833,1
719679858,1
827108583,1
787833333,1
719781183,1
710429358,1
798792408,2
710280558,1
809825358,1
714451833,2
713943783,1
710706558,1
713620308,1
813453408,1
818248383,2
780106908,1
708938508,1
709671708,1
711204483,1
801728658,1
713945883,1
779558733,1
788370258,3
714927333,1
710383158,2
798007308,2
711768858,1
714888633,1
712650333,1
719945433,2
720310458,1
718344033,1
715442958,1
780326883,1
711157833,1
719704308,1
708772308,1
817663908,1
780054258,2
709990983,1
818045958,1
716380683,1
787480158,1
778461408,2
713861733,1
789291633,1
789513858,2
778357458,1
718325883,1
720344658,1
809292483,1
779791008,1
779557533,2
795904233,2
710573808,1
717418158,1
771963708,2
712433508,2
779320983,1
718093233,2
719459358,2
717728808,1
788701608,1
778506633,1
719989008,1
791839233,1
716918508,1
717321783,1
799000008,1
721517208,1
719068683,1
709120008,2
709117533,1
816594183,1
789485433,2
712881483,1
712689333,1
771492408,1
711668283,1
772684833,1
712960308,3
713530833,1
756065433,1
710997183,1
711146358,1
716144058,2
778699908,2
713571258,1
711676908,1
719315508,1
778623858,1
714665733,1
816089433,1
716991933,2
714534108,1
787456608,1
717090183,1
772782708,1
710722908,1
795155433,1
715271733,1
771706308,1
713989233,1
780198258,1
802002858,2
716290233,2
828298908,1
788946783,2
720697908,1
780598383,3
715345833,3
710831133,1
766706358,1
816533733,2
712373208,1
721433283,1
720680058,1
716909283,2
754654383,1
719226333,1
779759058,1
718206783,1
715783758,1
771190083,3
713135883,2
778799583,1
808796208,1
708313608,3
779330208,1
794498733,1
807964908,1
823845783,1
711748983,1
718064283,2
710492733,1
779016408,1
717787533,1
714851058,1
823535133,1
708455883,1
780095808,1
709207458,1
763895958,2
715942683,2
721301733,2
711927108,2
718083483,1
717548358,3
816829608,2
713936583,1
709682658,1
793889508,2
714648933,1
711556533,2
717420333,3
768921933,1
714311583,1
717707133,1
716043258,1
716343408,1
718909158,2
719471433,1
712763808,1
711147483,1
719788833,2
715168983,2
714306258,1
713828208,2
710574558,1
710947683,1
711113958,1
718923858,1
752666508,1
712672083,1
719863758,1
720990183,2
720718908,1
721250358,1
779773533,1
708249708,1
713967783,1
779506158,1
759823158,1
716608608,1
789528183,1
708895158,1
824805858,1
720840108,3
787595658,1
720244983,1
713220258,1
813469458,1
788939358,1
718870158,1
788673708,2
711809283,1
816513108,2
718594608,1
823606983,1
717028158,1
788485908,2
714472608,1
710793783,1
794340033,1
716462658,2
718050033,1
714023808,1
716341833,1
719648358,1
816600933,2
714208533,2
713095533,1
809967783,1
715848408,2
714414483,1
708655983,2
720426708,2
713743158,1
721279083,1
779149683,3
714970458,1
719070108,1
715490733,1
714989583,1
820355433,2
715901508,1
710370483,1
778573233,1
708833133,1
719885883,1
712523283,2
711309033,3
708134283,1
720147633,1
708983658,2
766285608,1
779715108,3
798035358,1
719391783,1
809342208,2
780713058,3
779338683,2
783387783,1
787800108,1
721397808,1
778698408,1
709545333,1
716032233,3
717835908,1
719466558,2
778663458,2
716024808,1
713008308,1
794831733,1
713854608,1
715993608,1
789368658,1
802817358,1
708098133,1
801499908,1
824770683,3
718310733,2
708162558,1
721129383,1
721249158,1
721049658,2
806392908,1
714886533,1
772375533,1
826775058,1
711878733,1
714550383,2
712636308,1
772139433,1
709058808,1
813240408,1
767753958,1
710111733,1
761544333,1
788814783,2
715034358,1
709624533,1
709942383,1
803957508,1
713378133,1
709217358,1
720998358,1
721051908,2
715232058,1
806250783,2
817245183,1
713670333,1
826477083,1
788728608,1
717190533,1
716580033,1
711644508,2
714334383,2
720611058,2
712420833,1
713845083,1
713756508,1
735565158,1
714131058,1
717180633,1
717295683,1
713128833,1
813499458,2
710070183,1
789605658,1
710045058,1
710164683,1
710802258,1
721036233,1
710036508,1
717776808,1
714906033,2
714273708,1
721117533,1
715374558,2
824807658,1
714940608,1
824782008,1
717561108,2
717127083,1
772460508,1
720484908,2
771237933,1
794664183,1
797488158,1
708543258,1
778706508,2
712240083,1
713650683,1
772532208,1
778929783,2
714244383,1
718797558,1
712821333,1
721120008,1
709633533,2
710789058,1
716174433,1
789886533,1
715210308,1
721038408,2
713325108,1
720352533,1
708431433,1
716996583,1
718699683,2
771359958,1
716604633,1
813952233,1
713053383,1
709979583,2
709380333,1
778574283,2
789875883,1
714661233,1
813915933,1
708358683,1
824761458,1
715362183,1
721194858,1
803595858,1
716198358,1
714173808,1
709465758,2
714081558,1
717364458,1
778755858,1
710754933,2
720007383,1
810220833,1
718362783,2
708267858,1
708856983,2
715588908,2
772674933,2
720148983,1
720650208,1
769732233,1
713030958,2
711320508,1
795795408,1
717904383,1
714115533,1
712475733,1
718996758,1
713049933,2
709961958,1
718301508,1
714831033,1
710653158,1
721265883,1
715049583,1
715394883,1
773448558,1
717249783,3
708344358,1
712003083,1
754282908,2
717412608,2
719412258,1
788675658,1
717683583,1
820584408,1
719392833,1
718595583,1
778508883,1
715511658,2
711999783,1
753856008,3
789920883,1
788677533,1
716284308,1
712120608,1
715482483,1
720848733,1
708480333,1
826723308,1
801369258,2
709584483,1
715708308,1
779707308,1
711688158,1
711848658,1
715855083,2
778971408,1
711648708,2
713149683,1
771903033,1
737925558,1
803347908,2
817285758,2
711480108,1
709662708,1
709224858,1
821771508,1
712216533,2
710522433,1
779046408,1
708595158,1
757266933,2
816776283,1
719904333,1
718264233,1
784798683,2
710899833,1
780025908,1
713610033,1
709364433,1
713086908,3
709793133,1
710032608,1
779351208,2
719776608,2
709220583,2
719555733,1
740852733,1
709528308,2
715127208,1
817144458,3
710628783,1
772145658,1
739594758,1
789198708,2
720953658,2
771330558,1
714078558,2
712207683,1
788826408,1
790128033,1
718082208,1
712037358,1
711711483,1
718861458,1
709426608,1
811457058,1
773073558,1
715937133,1
713480583,2
716383683,2
713693958,2
715443708,1
770769483,1
789326808,1
712105533,1
720674133,1
779216358,2
717322833,1
710279508,1
712168833,1
780581508,1
711957708,1
778782858,3
712924383,1
709366458,1
796990908,1
715702758,2
788974608,1
714790008,2
787438983,1
713834358,1
710084883,2
710736558,1
788915283,1
714916758,2
789611283,1
773288958,1
811721133,1
813961233,3
783020958,2
715764483,1
798110358,2
715745508,1
714350658,1
826478958,1
719127558,2
712454958,1
718561458,1
822984108,3
719469333,2
720871383,1
788827308,1
710180958,1
778346283,1
787547208,1
714983283,2
789344358,1
710406633,2
767653233,2
719461008,1
789731433,1
775198608,2
717567333,1
772794108,2
712072908,1
709328733,1
788107683,1
713757633,1
713279808,1
712440483,1
715078383,1
709214358,1
778399008,2
811534983,1
719728383,1
718726833,2
780605508,1
719450508,1
711213108,2
708488208,1
717206508,1
821836008,1
807244983,1
821872758,1
809959683,1
715079208,1
767049258,1
709579383,1
781923483,1
718654533,2
716169258,1
713908683,1
708212658,1
756013833,1
719358333,1
713735508,2
805259733,2
738749733,1
814833408,1
719182308,1
818497758,1
719518308,2
709991883,1
770901258,1
711499158,2
720445533,1
809951133,2
714657108,1
789048858,1
771816408,2
798158808,1
787685658,1
720141408,1
788699808,2
708216108,1
715074258,2
771653583,1
717374358,3
720836808,2
818701383,1
717277833,1
778137108,1
720973833,2
768490458,1
751487358,2
712742808,1
712820208,1
794649858,1
755262933,2
709541433,1
820622433,1
712586583,1
709816158,2
712196508,1
767269908,2
710927733,1
711310908,3
788862333,2
713194608,3
793550958,2
712607583,1
713921058,1
709183683,2
713407458,3
715241583,1
710475408,1
708971583,1
714547458,2
827631483,1
711159108,1
789262683,2
712940508,1
789733008,3
714703158,1
710255208,1
779236083,2
713438358,1
715973583,1
794113758,1
709452633,1
788210583,2
717784983,1
786557358,1
768460908,1
718899708,1
714697533,2
713206683,2
708679383,1
713067033,1
789314133,1
713956308,1
711595833,1
779521533,1
715225458,1
716487408,1
719338383,1
710523333,1
787489083,1
720747633,1
779480658,1
711498258,1
709316433,1
778734108,1
778388358,1
716773533,1
822130683,1
717268458,1
827888433,1
716522583,1
789415983,1
719819958,1
769579608,3
772353408,1
716615583,1
781131483,1
719101908,1
720521808,1
718136283,1
778855383,2
779722308,2
818926833,2
721217283,1
717167283,2
713371233,2
778426608,1
713823033,2
787515333,1
710944608,1
718444233,1
771099183,3
770241333,1
710819733,2
772155108,2
798796233,1
815472108,1
769145733,3
783364233,2
772236108,1
715640358,1
713529858,2
715684308,1
709451508,2
709204158,1
713182458,1
710624658,3
716355783,2
716793108,3
716162583,1
714051033,1
715007583,2
719139558,1
794632308,1
770662383,1
714787383,1
714700158,1
710581758,1
720497958,2
720920058,2
710872233,2
709855608,1
815484783,1
771602883,1
755953308,1
758408883,1
717940008,3
720917808,3
812801958,1
714997683,1
709379283,2
711840408,1
785328408,1
719873808,1
715528983,1
720254883,1
811980858,2
711330408,1
718465458,1
710616183,2
714580158,3
710798883,1
720511608,2
708913233,1
788038383,1
719905908,1
807044958,1
719514783,1
787643658,1
779138883,2
708173433,1
778401033,1
818375733,2
711048783,2
721415658,3
717961458,3
718563483,2
717128283,1
718068933,1
718623783,1
716565258,2
712505658,1
792565908,1
709267308,1
710035008,1
790082508,3
716866308,1
709707033,2
718346658,1
824157858,1
709735008,1
814593858,1
718416858,1
710307933,1
715870758,2
713819283,1
710424408,1
709493283,1
712489158,2
719013108,3
721178583,2
717769008,1
709986633,2
721062408,1
771349458,1
780557658,2
771441558,1
756409758,1
720009558,2
778885158,1
715543908,1
717591483,1
715042608,2
755959683,1
715367058,2
714573258,1
712281183,1
717670758,3
720666333,2
771556308,1
708931908,2
718894233,1
771544533,2
708927108,1
717831783,1
709288383,2
710813733,2
721084833,1
711258108,1
710149008,1
711902058,2
716757033,1
712688433,3
713203908,1
711772008,1
708799983,2
778882758,1
709157133,1
741344808,1
739692933,1
766429908,1
802087683,1
712491108,2
714767508,1
720376008,1
779126658,2
793222008,1
720812433,2
717623583,1
708878508,1
710043408,1
789079758,1
721311333,1
710749458,1
778275783,3
799498158,1
716334258,1
716075208,1
780276258,1
789282333,1
811571733,1
709429533,2
715247508,1
718784358,1
751450008,1
719227233,1
711050058,2
779040408,1
714024858,2
789849108,2
710391258,2
718830183,1
779696883,1
719249733,1
737971833,1
772468983,1
710990283,1
808750458,2
719692983,1
719125158,3
787509408,2
719206308,1
717141858,2
713172408,1
720314583,1
708347583,1
711006783,1
718274283,2
803977008,1
715216908,1
779611008,2
811467708,2
812597508,1
718651083,2
708577308,1
813990483,1
816319008,1
789627258,3
713346558,1
708744933,1
708828258,1
713511108,1
710208633,1
824165658,1
826513233,1
788789658,1
717837858,2
709382958,1
716253858,1
713725683,3
710364258,1
816033783,1
715065483,1
718751133,1
713983308,1
718418958,2
779367858,1
711285633,3
714974658,1
716374308,1
713416233,1
797643708,1
808292958,2
719831958,2
708860358,1
717385983,2
719049033,1
717581658,1
714347508,2
803833608,2
712576908,1
778511733,1
721464783,1
821179233,1
713126733,1
719688408,2
779811183,1
771086208,1
715217733,2
813752433,1
711876333,1
715256658,2
711329658,1
710227908,3
716362008,1
714939708,2
708083283,1
719431608,1
769411758,1
714248733,1
804481608,2
714631833,1
769751958,1
717999183,1
713075283,1
711561108,2
709854483,1
713630733,1
717599283,1
806407308,2
712730583,1
712142733,1
720153258,2
814086333,1
715524708,1
713307708,1
714069858,1
712789383,1
787983633,1
758583708,1
717130383,1
720770883,2
716797758,2
713835258,1
720677733,2
718587858,1
710263608,2
715055433,1
715498308,1
708099183,3
716452908,1
789959283,1
713536158,2
716750358,3
815299833,3
721003008,1
779883933,1
716612958,1
715859058,1
772031733,2
720668358,1
778708533,1
719649408,2
715457658,1
711934308,2
781326483,2
712557708,1
789187908,1
773297508,1
716529258,2
708242283,2
789247458,1
717100833,2
716870583,3
719999508,2
721236408,1
720122808,1
716882658,1
713734758,1
709085358,3
715785933,3
717159858,3
713259858,2
787516908,1
711145008,1
715013733,1
717098208,2
737982408,1
713216883,1
709361058,2
710312658,1
773383158,2
716053083,2
717667833,1
716998608,1
772086408,1
708597558,2
718011783,1
714360033,1
811005858,2
794485158,1
708513183,3
719353158,1
711436083,1
780374133,1
739117233,1
708486033,1
795237183,2
788788758,1
709635858,2
789701658,1
713484483,2
711954558,1
712655583,1
779686683,1
711226758,1
713241033,2
788754108,2
717013383,1
712634133,1
709537683,1
778627983,1
720241758,1
720814233,1
785080308,2
713358633,2
720392433,1
720282558,2
821370858,1
799249833,2
713016633,1
814471983,2
779612808,1
716692683,2
790145733,2
716038533,1
714421233,1
709783908,1
812788233,1
772452783,1
714002658,1
713464983,2
713910108,1
808169358,1
714013083,1
715381533,1
717678408,1
719143308,2
711509658,1
757481283,1
808681158,1
718867683,1
714618333,1
794562783,2
708208758,1
794504658,1
714772758,1
713830233,1
713577483,1
814513008,1
712765158,1
714411108,2
720231108,2
709035708,1
720662508,1
708623283,2
813247083,1
780078333,1
811915383,1
719818983,2
716349183,2
710067183,2
771234558,2
820288233,2
717511533,3
711642108,1
712495233,3
718484283,1
717413658,1
804668658,2
715934283,3
717499083,2
715279683,2
718971333,2
709219533,1
709150608,2
788259558,1
802464033,1
712757808,2
714457083,1
713413758,1
708741633,2
714043833,3
789577833,1
787570758,1
720371733,1
819117183,1
711776433,2
709583133,1
719521983,1
718415133,2
710594358,2
709730508,2
720462633,2
715005558,3
779993208,2
787543008,1
743265108,2
713770383,2
712392108,1
720145683,1
714832383,3
772706283,1
795920358,2
716277558,1
764776833,1
710795883,1
710428308,1
721096983,1
715760733,1
718227033,1
720610008,1
719517258,2
714111333,2
717551358,1
813573333,1
711709683,1
712902483,1
710893533,2
719883858,2
719628033,1
712043433,1
769095558,1
816094233,1
758417508,2
721234308,3
717138558,2
798120858,1
709997958,2
712617408,2
720158208,1
716548083,1
717631008,2
813964383,2
719952408,1
771028533,2
771823308,1
719854008,1
713998233,1
714746358,1
713574708,3
714753258,1
712004208,2
719621958,2
819610908,1
823948308,1
712064358,1
816013383,2
758765808,1
780881358,2
709422183,1
779951058,1
809941233,1
710844408,2
819002508,2
807141183,1
711119358,1
808273533,2
716297658,2
716532258,3
720540708,1
720904233,1
720863133,1
714957108,2
790102008,2
781933983,2
712643358,1
716686158,1
806894133,1
721344858,2
813230208,3
716835033,1
787500333,1
768582033,3
713992158,1
719916408,1
789433758,1
785011383,2
719283633,1
710816358,1
779653458,1
716382708,1
710387583,1
718772133,1
711224733,1
718360083,3
716102583,1
720673008,1
708459633,1
712868733,1
713790708,1
717648783,1
714709983,1
819409608,2
717585858,1
791856033,2
714474483,1
716448783,2
711065133,2
713769258,2
712288158,1
714130233,1
789127533,3
717038733,1
804840033,2
709363383,2
789760233,2
712058958,2
708295533,1
817686633,1
713738883,1
721310283,1
803132733,1
779852133,1
716210283,1
711615933,1
785311158,2
717267108,1
711636558,1
717504258,1
718242333,3
771844458,1
708892833,2
779465358,1
720191883,1
710934033,1
714473658,1
716569983,1
789833583,1
818923158,1
716596308,1
716620458,2
710251608,1
710633808,2
719318583,1
819202533,1
827360883,1
771196083,2
809962908,2
788965683,2
817142433,1
716993058,3
771040758,2
713309583,1
710273658,3
771429408,1
719452308,1
818908833,2
780998133,1
801726933,1
788474658,1
708438033,1
710562258,2
770764908,1
814776033,3
715057383,2
717970158,2
715168008,1
720802833,3
789370383,1
711782733,1
709000008,2
719381733,3
771169458,1
709974108,3
757024233,1
768928833,2
720504633,2
812441358,2
713287608,1
711357858,1
715478733,1
780382008,3
715749858,1
710951808,1
713469333,1
719243808,1
772202058,1
711346383,2
711405333,1
778407033,1
714862083,1
711199008,3
709858533,3
718627458,2
711816108,2
717105258,1
715822008,1
714971583,2
713663508,2
709025583,1
812809083,1
714073983,2
789297558,1
710375283,3
712189233,3
713767383,1
797414733,1
712452033,1
714151533,1
720440583,1
787494783,1
819966033,2
710297133,2
793355508,2
708580908,1
719826333,2
780689733,2
744764433,1
714902283,2
789309558,1
713188383,1
719506983,1
714804483,1
748503708,1
803587533,3
789777408,1
716811483,2
714118383,2
720532908,3
765055833,1
715310208,1
718577958,2
789167658,1
789987183,1
717730533,3
708668283,1
772360683,1
712500933,2
804867183,2
826068183,1
820044333,3
714211533,3
710287533,1
720603558,3
819258408,1
717664008,1
717437058,2
717327783,1
712887633,2
716129208,2
718037433,3
709839858,1
719686458,1
721434483,3
716096358,3
718244958,1
711315783,2
821296083,1
711562833,2
716447733,1
719591283,2
789911808,1
713195808,2
717866133,1
716670783,2
789197508,1
713108433,1
711403383,3
768212583,1
720181758,2
710632683,2
711836733,2
771183933,1
711327558,1
788971308,1
718950483,1
714278958,1
711817158,1
765824058,3
710109633,1
713643858,1
716399583,1
714516783,3
710490708,2
780662133,1
715389708,1
789607983,1
720171033,3
815104608,2
719660658,1
714159858,1
714225333,1
712204308,2
718468158,1
711575058,1
735417408,1
717171408,2
814312308,1
711786108,1
712905708,1
720050208,1
793952133,1
798140283,1
720427683,2
789970233,1
713893308,1
718843608,2
752085108,1
789435783,1
711032058,3
784719708,2
804663258,1
716900433,3
720909408,3
712187808,2
718428033,3
714892533,2
714985458,1
716647983,1
712340733,1
719293533,3
715257708,3
708331758,1
709501683,1
711692508,2
715612983,1
709674333,2
805522758,1
781013958,1
717495258,1
795052083,2
773389908,2
719320833,1
816843933,1
789196158,1
717930483,2
773442258,1
719872833,2
721491258,1
770575233,2
715800708,1
719996958,2
719889408,1
708811233,1
794627208,1
719020983,1
719131533,3
710449983,1
715651833,2
720714933,1
789170283,2
810201783,3
715517733,1
709042908,2
715023333,1
720801033,1
714345783,1
779209083,1
713972658,1
710782458,1
711142308,2
824789283,3
715187733,2
721014858,1
710363433,1
715479483,1
708243483,2
714770808,2
720626058,2
709185108,1
719596908,1
719273733,1
717348258,1
770882508,2
799026633,1
718777008,1
713352183,1
716128083,1
721288158,3
757881258,3
715843533,1
717234183,1
717260058,1
709710783,2
787284858,1
815845758,2
720639783,2
713331408,1
778693458,2
788610258,3
711173883,1
717628608,1
789261558,1
770647233,1
712826208,1
718181433,3
714460683,1
716460933,1
710787708,1
713800158,1
712551258,2
715379133,1
712091433,2
771756333,1
779895108,1
771976683,1
716800908,2
789413958,2
711574008,2
714138408,2
709334658,1
709564683,2
772292358,2
712933083,1
710497608,1
721443408,2
709149408,1
708446808,1
824192658,2
711625683,2
717487983,1
717301908,1
718435158,2
714797733,2
719213133,3
798962058,1
718970058,1
713021208,2
810856833,2
787868958,2
708161133,3
708174708,1
708735183,1
708445608,1
778943883,2
788810658,2
789050883,2
714531108,1
711635358,1
803648508,2
813200058,1
805261983,3
715206408,2
788684508,1
737933883,1
768655158,1
774437583,1
713104458,2
715462008,1
715366083,1
712322058,3
719737833,2
789530208,1
717885183,3
716244033,1
711614658,1
804598908,1
719161683,1
719327808,1
714038433,3
710129283,2
709367433,3
719729433,3
717192933,1
711734508,1
715153158,3
712149033,1
713901108,2
719415858,3
719385558,2
779528658,1
721508283,2
757753083,3
797753283,1
807523008,1
711416958,2
780865308,3
708423933,2
714321408,1
771852483,2
708185208,1
714920208,3
789952158,3
713237958,1
715956258,2
769196433,3
778942233,1
708651933,3
720467583,3
716549058,1
713533983,1
787463508,1
710256708,3
708980283,1
719484408,1
710023233,2
789101883,3
778381608,2
787492908,2
709932558,1
780219483,1
708590658,1
715143333,3
801048483,1
711913833,1
715413483,3
715750758,1
714062958,2
710458758,1
719494983,1
710586483,2
772637058,1
718229133,2
718423533,2
781089708,1
773082033,1
815288583,1
720431433,1
709164408,1
710567508,1
719427333,1
714765408,1
709785783,2
809290308,1
779598183,1
779783508,2
719568333,1
719207733,1
715533108,2
714816258,2
787573683,3
804310758,1
792912708,1
719078283,1
708620283,1
770985633,1
780094008,1
716420358,3
825756333,3
755273658,1
709096908,1
714840858,3
721205508,2
786493908,2
803963808,2
806170158,2
751469808,1
721055058,1
709794333,1
718361583,2
714327183,3
808909008,2
716207508,1
768965208,2
720185058,2
715220508,3
712112733,3
712298883,3
717813558,1
716823408,3
719089383,3
710039208,3
780237033,1
720986958,1
709473708,1
708593883,1
710241858,2
715392558,2
717399183,2
817925058,1
716029158,1
715043508,2
716610558,3
716768808,1
795810633,1
779925033,1
790225758,2
713879283,1
715968858,1
767687208,2
778728783,3
713637783,1
718162908,2
708664008,2
711929058,2
770781558,1
790048158,1
721258158,1
786480183,2
721378008,3
786566733,2
794551383,3
820981383,1
713366583,1
767311008,2
716624133,1
712727283,1
716059608,3
708292833,2
720013083,3
710540883,2
709212183,1
713424108,1
718476033,1
815001108,3
709802208,2
713445183,3
717310458,2
789158433,3
788761608,1
709916058,1
789804933,2
780070833,1
772776033,1
719804208,1
715077483,1
717000858,1
792402483,2
712973733,1
813213558,3
718215033,1
717207408,2
711426033,2
719233833,2
716864733,1
821168733,1
710135058,1
720228708,1
718618458,2
719470458,2
719587158,3
715499808,1
718589133,3
789235383,1
773364483,1
713548158,1
720264783,1
715319958,1
710528583,1
809990883,3
714412308,2
772303458,1
721243083,1
711990933,2
819977058,3
721467258,1
719976558,1
718824783,1
713303733,1
711129483,3
779618433,3
797757333,3
814497483,1
709623483,1
709056558,1
708238833,1
813261408,3
720424608,1
798022683,2
769756983,3
712674183,1
708900408,3
713625483,1
716869458,2
788723133,2
794462133,1
712604133,1
714397983,1
788269158,3
715898058,2
711906033,2
711367308,3
790186458,1
712040433,1
709616958,2
714633858,1
794818833,3
711219333,1
713384508,3
772514808,1
710808108,1
778973658,2
712005108,1
804577833,3
715028283,3
789786258,1
715421058,2
797166633,1
711041508,1
712847208,1
779174133,1
715680933,2
770871708,2
772643058,1
718199133,1
721475133,2
766322883,2
771197433,1
709516458,2
716456808,2
716819958,1
779449308,2
784891458,1
790004883,1
770262183,3
715277583,3
815510883,1
713997183,3
715107033,3
720706008,1
710108133,1
718983333,1
714030183,2
710496708,3
714935883,2
718972758,1
711827958,1
778724058,2
809620833,2
718920708,1
771051783,1
715970133,2
806889633,2
717338733,2
779223858,2
769980333,1
716112933,1
788783133,1
816325533,1
720113433,1
717233058,1
710233683,1
778327908,3
716400633,1
787488108,1
771649083,1
789853533,2
806256333,2
796336833,2
713763633,1
710942358,3
713974533,1
787231233,1
719810583,1
717124983,2
787523283,2
719493858,2
709897983,1
717225258,2
803148033,1
779474958,3
712060158,3
713292933,2
710982858,3
714542058,2
712319058,3
744483633,2
714947883,1
788776908,3
714802458,3
721485708,1
716378658,1
713375658,2
717828108,1
788784258,1
718875483,3
811111083,1
715749108,1
780197133,3
719146008,1
717727308,2
718445883,1
795997908,2
710159658,2
716068683,3
778844433,3
715161633,3
773270058,2
714120258,3
720076458,2
720693033,1
719978583,2
712784058,1
717261708,1
803665983,3
815838633,1
826706208,2
721218408,1
779484408,2
710416533,3
719706483,2
712206858,1
709886583,2
711040758,2
817197333,2
718929708,1
721150833,3
714514983,3
779888658,1
715883358,1
713363583,3
772935108,1
820075983,3
721502958,1
708596283,3
710325258,3
708823908,2
826401858,1
709554483,1
710545158,2
788621658,1
716713533,2
712338033,1
711639708,2
720216108,3
718708908,1
802890333,1
712965183,1
796170933,2
712816833,1
814829583,2
798769458,3
818034558,1
719483358,1
719647383,1
714909108,3
793678608,2
720854358,1
709126833,3
788896983,1
715731033,2
717636933,2
772658658,2
755943033,3
772399983,1
826130133,1
719238183,1
802666083,2
713682708,2
712774008,1
717627333,1
779542608,1
715322958,3
779100408,3
715352883,2
789963033,2
710687508,1
789656358,3
715720083,2
716584158,1
815727183,3
717066408,1
708104658,3
718016808,1
814571058,3
714757908,1
710345808,1
814752558,3
721284258,1
719336583,1
797638383,3
708434733,1
711802758,1
720620058,1
819169683,1
709757583,1
789307833,1
823912308,1
720746208,1
709121283,1
714093108,1
718368333,2
806752533,1
758521983,1
779473308,2
709376508,1
712589658,1
712141683,2
712494108,1
721350783,1
710133858,3
719152383,1
715174158,1
780040758,1
719525358,3
710892408,1
713295183,3
789871233,3
712663533,3
820906233,3
821163408,2
708947208,3
715261458,2
789310833,1
818294958,2
713902983,3
771693933,1
827984658,2
789012633,3
807237783,2
803408733,1
824667708,3
807165033,2
809984133,1
718949433,2
751227183,1
716331408,2
714199983,1
774172158,3
708171858,1
709074108,2
721304133,1
787430733,1
711225933,1
717478983,3
720949083,1
712851108,1
713151258,2
799731033,2
822138333,2
708532308,3
713718558,2
778939683,1
713322633,1
754671558,1
719291283,3
720659283,1
719535558,3
771032658,1
709468683,1
719455908,2
816890883,2
709826058,1
735008958,1
713766183,3
719148633,1
789266208,1
718373658,3
712255458,1
789494133,1
714178458,1
717595908,1
798114033,1
709479558,3
778148283,2
719363283,2
716225433,1
719882583,3
711076533,3
820651908,2
710884683,2
797468658,1
716375883,1
711534183,2
721083258,1
717986058,1
804610908,3
717602733,2
770952933,1
713233908,2
755365233,3
715105908,2
712658283,3
708796458,3
713557533,3
710524533,1
713412558,3
720000708,3
718934058,3
710607408,0
717613233,2
821710308,1
716089983,1
720430083,3
712071708,1
770721858,1
751381458,2
715629783,2
768886533,2
711023508,1
711291558,2
714929283,1
716285358,3
710958033,2
711368283,1
807275733,2
708231183,2
789690483,2
789338583,1
717411483,2
720799608,1
714112383,1
717994608,2
798558783,3
716875083,2
714603558,1
789903708,3
801989733,3
789504183,2
714574083,1
717978033,3
711256908,2
721023708,2
714522258,1
714247458,3
780416433,2
713644758,3
712700358,3
779873508,3
779342958,3
711738333,1
709413933,1
720323208,3
708132783,2
713372583,2
710092683,1
779284833,3
713426358,2
717132633,3
714967233,2
767587833,3
714954033,1
716154258,1
755399433,2
709876008,1
709918158,2
713350908,3
715759458,2
713976258,3
790174608,2
771335358,1
708382083,2
771829758,1
767333808,2
721385433,1
794293908,3
720409608,1
717830583,3
715455708,1
719108358,3
769323183,1
820020258,1
719234883,3
807349158,1
710799783,1
778456983,1
708644208,2
711659958,1
798988983,3
710760258,2
799700208,3
772401933,2
787460883,2
770937183,3
715468083,2
807161508,3
772268058,3
710166783,2
804820233,3
708758658,2
714011358,2
712401033,3
771212508,3
821150958,3
792272658,2
809818008,1
803231058,3
715698633,3
720450108,2
719076858,3
720016308,3
712443558,2
711835758,1
709284333,2
788122533,2
709206333,2
713039808,2
801700233,3
716815308,3
821149008,2
720580383,2
780202908,3
787504158,1
716183283,3
824168808,1
712936908,3
719855958,2
710112933,1
768364233,1
771725808,2
780686358,3
712762758,3
714392808,2
713089458,2
826780683,2
780251658,1
772273983,1
737944908,1
720688158,2
719902908,2
771682533,2
708193008,2
772449858,2
715992558,1
708502908,2
720132258,2
708704433,3
720906033,1
719961183,1
718838808,1
710268858,3
788360283,2
717914808,2
802884933,1
714436383,2
718785483,3
708816408,2
715363908,3
709163358,1
827643858,2
711251133,2
716896833,1
789193383,3
712801758,3
719836083,1
718291233,2
718682883,3
771503958,3
771960708,3
717427983,1
712737108,2
771599283,1
717237708,1
710703708,2
712513458,3
709690158,1
709959858,2
720683958,2
780704358,2
717843783,3
718318383,3
708849858,2
712652283,2
793461933,2
720084183,2
767114958,3
709216533,2
720897783,1
773503308,3
719963433,3
708139833,2
710664558,2
713687508,3
816312633,2
712019883,3
718216008,1
718345233,1
771228183,2
789430083,3
779524833,3
823621083,2
715563558,2
715424283,2
807209808,3
716578158,1
708911508,2
717332733,2
710681808,1
708740808,2
711728208,2
720562008,2
709012083,1
771073908,2
718174908,1
709550958,2
720411183,3
720776508,2
755615208,3
708147108,1
827476983,1
716682258,2
708563433,2
772277508,2
712515558,2
719342808,2
788957358,3
778386033,1
820060758,3
713271708,2
720555483,2
709405758,1
769463433,2
786087633,1
738627708,2
719527833,2
715921758,2
717280158,1
714179658,2
806637558,2
714828708,2
711989358,2
720188508,3
719528958,3
713110908,1
721179708,2
716363658,2
711443808,3
778952058,2
713642133,3
778908783,1
778170633,2
714670533,1
771833433,2
772758783,2
788959758,2
716878533,1
713267133,2
716263533,3
719026383,2
821755233,2
709683633,2
714318033,1
828291858,1
779647608,2
787605558,2
771534408,3
716219808,2
715690908,3
789125733,1
717271983,2
709695333,3
712233183,3
716645883,2
711762408,2
818305008,3
788159433,2
709104333,2
708112008,1
714731208,3
710006958,2
815062383,1
778447908,2
720725058,2
803415183,2
708582858,2
779833908,3
818687958,3
708714108,1
754872333,2
718637208,1
816772908,3
711935283,2
716950758,2
716497908,2
809358708,3
716037708,2
717804783,2
715338783,2
779645658,1
787565433,1
717287883,1
715746633,2
720635883,1
710077008,3
804437658,3
780000258,2
825785508,2
720252858,2
710017758,2
711750183,2
718364283,2
711638658,3
711046383,2
720877083,3
715662258,3
715570533,2
758202858,3
712872183,3
710014683,2
716934333,3
778523733,2
716353083,2
753642933,3
708151008,2
789646158,2
712423233,3
719806233,2
786509358,1
711502908,2
748617858,3
721532583,1
789244308,3
709330383,3
719136183,3
716939358,2
778155558,2
713461533,3
803776533,2
714857508,3
720348933,2
721158108,2
789043008,2
713362158,2
712623258,1
708494583,2
718394658,3
719398158,3
711885258,1
789161358,1
787581858,3
779198133,3
708314808,1
720508233,2
717134058,3
783366483,2
715412583,2
719562108,1
754457883,2
742552683,3
711455133,1
716387733,1
772571508,2
718815108,3
719266158,3
720708183,3
767523933,2
797466033,3
771886233,2
712612233,2
716516208,2
709950858,3
779882508,2
717472833,2
712665633,1
709562358,3
715391433,1
708722583,3
720452508,2
714566958,1
816084333,2
806179683,3
806244183,2
787999533,3
718358808,2
718474683,3
716908158,3
713984208,2
713013483,3
754599558,3
788739633,2
712411908,2
717538683,2
709447908,3
816834933,2
718963158,2
714358008,2
720758808,2
708255633,3
716101308,2
715986258,3
715858008,1
806226933,2
708361833,2
778422933,2
708957183,3
718000383,2
714466458,3
719608308,3
792995808,1
716211258,2
779289033,1
719356008,2
718503108,3
779661033,2
813053733,2
718354683,2
720529308,2
787578183,2
737952333,2
779498058,1
799707858,3
719543208,2
797743233,2
710658483,1
715399908,2
710288883,3
719912808,2
720247158,2
718672233,2
789593058,2
710278458,1
714467733,3
803026008,3
772000533,1
811035483,2
715480983,2
819997983,1
807593058,2
720437358,3
719465733,2
711978858,2
814364808,1
788820933,3
713316558,2
779856483,2
717085983,3
788030208,1
709914858,3
716111808,1
708618933,3
720446508,3
756488883,3
708414033,3
756727233,2
720379533,2
720340383,3
771453033,2
708747708,2
712460433,3
719801508,2
720983733,2
713657733,2
709955958,2
719099583,1
719513733,2
710654808,2
719651358,3
718917408,3
808753758,3
711699183,2
711196458,1
772565883,3
717203958,1
769701258,2
714933783,2
717650133,1
708707808,3
717331758,3
801385458,3
710605458,3
719570733,3
708646233,2
766006758,1
710695083,1
709224033,2
795991758,2
709381383,3
810321933,1
716235783,2
758833758,3
713579733,2
804649833,3
780971583,3
804673308,2
788747358,3
713199558,3
713777883,3
771081558,2
710229333,2
720406233,1
767784708,2
712052058,3
715278708,3
827049558,3
710248233,3
712146558,3
715179933,2
709215708,3
710668458,2
718828083,3
720781158,3
716938383,2
709976358,2
715688958,3
721493883,2
709830783,3
715354983,2
713532858,3
721295658,3
720313083,3
720724008,3
712828533,2
717007458,3
710728458,3
717720108,2
720648483,2
770146008,1
714829683,2
717015333,3
757837458,2
719240358,3
719036883,2
714000108,2
720786033,1
708917133,2
818929158,2
709513458,1
717705858,2
716573058,2
827695683,2
819189108,2
716977758,1
714901383,3
718500633,3
713516433,2
715140933,2
712642533,3
721498008,2
717189183,3
708902883,2
817889583,2
717242058,2
715628733,2
716613933,3
712709508,2
716306583,1
720026058,2
756397458,2
712644483,2
814489683,2
789111483,3
709573533,2
807137808,2
711861258,2
716660583,3
717222033,3
716617608,1
716786808,2
718882008,2
770975133,3
715234008,3
709326183,3
721233033,2
712319958,3
712198983,2
772103208,2
779502333,2
718737708,2
821351958,2
716142858,2
826079508,3
773236983,1
826717533,2
789334458,3
814092858,3
708355683,2
803124408,2
789964983,2
720303933,3
708665133,3
828236133,3
712000758,3
715378383,3
769985883,2
709297608,2
716971833,2
801373833,1
716040783,2
817977933,1
827055333,1
772116408,3
734924658,3
711775383,2
715019058,3
780715683,2
827341383,3
708757233,3
710504283,2
713919183,3
713171358,2
773140683,3
716358033,2
826410708,2
789717708,3
711679533,2
711342483,3
720242733,3
721213833,3
756624183,3
717622308,3
714629358,2
744307008,2
708871158,2
710979033,3
818903583,3
712980333,1
717655458,2
822112383,2
711538758,2
719987733,2
719184783,3
715857183,1
719657583,1
789713208,2
802031583,2
711529383,2
715371108,2
712988958,3
713005908,3
712236483,3
711852783,3
780056733,1
796903083,2
716014983,3
712521783,2
780045708,3
719488008,1
771575058,3
772137183,2
779709033,3
709716258,1
737986083,1
713343333,3
779331558,2
714973758,1
718009158,3
789597408,2
712165308,2
821768658,1
719341683,2
708637758,2
779974758,2
821815458,3
711708408,2
812449758,2
715682208,2
719914908,1
714744783,2
710809833,2
720942333,2
709423158,3
718307433,1
772607433,3
801709308,2
778502958,1
806656083,3
823635033,3
718739508,2
709272333,3
721538883,2
718835583,3
827970933,3
719888358,2
717030633,1
815085708,1
716332533,3
822964683,3
719335233,2
779683683,1
712653183,3
715485483,2
788912658,2
711396483,2
789220008,2
716436483,2
717661908,2
778459833,1
769448658,2
820346133,3
720119808,2
721523658,2
711176133,3
794560833,2
718197108,2
713750583,1
769576608,2
708626058,3
710333883,2
715401633,1
755220783,2
789603183,2
767564358,3
789744033,2
709887483,3
779765058,2
789177333,1
717262833,3
714878508,2
711079308,2
794510358,2
715033533,3
779400183,1
716636808,2
708733983,1
710521383,1
720075558,2
716468658,2
717569283,3
787491483,2
779995833,3
714215058,2
789407958,2
715118058,3
713672208,2
720865383,3
713701533,3
778895883,2
719655258,2
711205758,2
806264958,2
714659133,2
716425833,1
712166583,3
713124558,2
714048783,3
708784908,3
714332658,2
719169783,2
718270833,3
721268133,3
795343683,3
715611933,3
711184983,2
779601783,3
784263558,2
720795858,2
756629133,2
714387108,2
712164333,1
714429258,2
796791258,3
711220683,3
717582558,2
714779733,1
817965858,3
717358158,3
720301458,3
826471458,1
794579658,3
717052158,3
818311533,3
716156508,2
711191808,3
712084383,3
788641758,2
788768883,3
713277783,2
717451833,3
712291308,1
712852233,2
712312908,2
773457558,3
716194683,1
720563058,3
719502183,3
712287333,3
716944983,1
718115733,1
827691858,1
716431833,0
717265983,3
769578858,2
712815858,2
815851233,2
779425608,2
811532208,2
713896533,2
712546233,2
772148058,2
771776808,2
715905633,3
778282758,2
717886008,2
709985133,1
709289358,2
720457608,2
780612558,3
714216033,2
710577708,3
719462433,0
769063308,1
715136583,2
710915358,3
709841433,3
710509758,2
720527058,3
711787383,3
715824108,3
719474583,1
719282433,3
772669833,2
789365508,2
806641683,2
805534608,2
781117533,2
710294808,3
718788258,2
716404383,1
824795358,3
715196508,2
779051808,3
720695583,3
826414083,2
708426483,2
787472283,3
716948283,2
778375458,3
718504983,2
709625733,2
719357058,3
709626858,3
711843708,2
711349083,2
721462458,2
780833058,3
769962933,2
719095533,3
709718058,3
819151083,3
770778108,3
718877883,1
710376708,3
718366983,1
719604858,2
714549558,2
822955008,2
712986483,2
779597133,3
758426583,3
716805408,2
711275433,2
778968408,2
827117808,1
804462633,2
709321908,1
714907908,3
818336508,2
712597233,1
711964533,3
716705433,2
717983058,3
709587783,2
709804533,3
712076358,2
711670308,3
720717108,3
784789758,3
779689233,3
788792583,2
710657508,3
716393958,3
770708133,3
766131033,2
719816583,2
715376508,3
709300458,2
778340733,1
708195633,2
714729933,3
794514108,2
812501358,3
718961208,2
814459833,2
720363258,3
714496083,1
713004933,1
712011633,2
772466508,1
708225483,3
788923758,3
789150633,3
710809083,3
787669233,2
708119658,2
737921733,1
765940683,1
719732433,2
715491483,2
783381933,3
811554708,2
719536608,3
720753183,3
714505683,2
711942783,3
714031983,2
711372258,2
710825658,3
716575758,2
714732183,3
714097683,2
720568083,2
708121908,2
778710783,2
713745783,1
711043983,2
716438433,3
709435533,2
711080358,3
718677858,3
720259308,2
719346708,3
719874633,2
720286908,2
719168883,2
789893808,1
772472208,1
710402508,2
710218233,3
714212358,1
812956983,3
780241758,3
711580908,3
712835433,2
716461683,3
713617608,3
714622833,3
712115958,3
712033833,3
714548733,2
719523108,2
710881008,3
715098333,2
708211383,2
715054683,2
710670633,1
784560258,3
710871108,2
787770858,2
721104708,3
717461283,2
803028858,2
716628633,3
813380058,2
770135358,3
719301258,2
711340233,3
710002833,3
808705758,1
710839308,3
768687183,1
720541758,3
712263258,2
712751133,1
779662308,3
719260608,2
803319633,3
708170508,2
711891933,1
802875333,2
719991783,3
745435533,3
718063083,3
710713608,3
720487308,2
719770158,2
712283808,1
779737233,2
751076058,2
736552308,2
720578058,3
714932658,2
804708633,2
716271183,2
712442508,3
719165508,1
826467333,2
721027083,3
713764458,3
816261858,1
710850633,3
805282908,3
771246708,3
785119833,2
716780283,3
716546283,2
721308033,1
779270883,2
822061683,3
710058033,2
710678658,3
712943508,3
816263808,2
714162033,1
711238908,3
713971608,3
715193433,2
713111883,3
716911608,3
822898758,2
712085733,2
718583133,3
772095858,2
780074733,3
710182383,3
713418558,2
715445883,3
718599108,3
711546333,3
721513833,3
771669183,2
774760458,1
713453733,3
804415083,2
711419133,3
710691633,3
715008858,2
771424908,1
771215583,2
711012783,2
827408058,3
713904708,3
807596358,2
708788583,2
713446083,3
717888108,3
819714408,1
716853258,2
719455083,3
779299233,3
771922008,3
708887433,2
713214558,3
718038483,2
714053358,2
713730933,2
762775908,2
713181558,2
713079108,3
804426858,1
788379933,2
713740533,1
712235433,2
811705233,2
714594933,3
714377058,2
827114058,2
708654933,2
720283758,1
801994458,3
718834233,2
719196858,3
708451233,3
718735908,2
789339633,2
804833058,2
712542258,3
713639058,2
709560258,2
718317258,3
720362058,2
712606158,3
713162358,2
710673558,3
710096658,1
721313808,3
778924158,2
719602908,2
820383558,1
717953283,3
710327508,3
785134758,2
811970808,3
718676283,3
720439533,3
793720908,2
708937608,3
769189083,3
713455233,3
719563158,3
753118533,3
713265858,0
709713033,2
711608958,3
708633783,2
714532158,2
720950283,2
809797158,2
713692683,3
710748483,3
720868683,1
787532808,3
709453833,2
712114458,3
811013658,2
789180933,3
717151383,3
712470033,3
717840108,1
709131033,3
721506708,3
716039433,3
710874933,1
794682483,2
709229358,3
772177308,2
715016508,2
716071233,3
818308533,2
711000933,3
760104333,2
718201383,1
779450958,3
717990183,3
721252683,2
710505483,2
711587433,3
720964683,2
711478233,3
717096858,2
719739108,1
717432933,3
721501308,2
714169083,3
710194683,1
715365183,2
715448058,1
779008158,3
712822758,1
717466158,3
798687258,3
717380133,3
709693833,1
804847308,2
716321583,2
712685733,3
781306758,1
743912958,3
712294083,2
716630508,3
711334983,2
717442758,3
709137558,3
714366708,3
711925608,3
721202058,2
716931183,2
800164083,2
719682183,1
710984133,2
780307233,3
716434533,2
828215508,2
716138958,3
709276908,2
815767983,2
712812408,2
712403358,3
717826308,3
753443583,2
721428333,2
719910333,3
713585958,2
712866933,2
719219883,2
779170008,2
779727558,3
714373308,2
715000383,2
710493558,2
778839108,2
715548183,3
712545183,3
779032308,3
721500108,2
713389233,2
718811058,3
717084708,3
778247358,2
710702733,2
815240358,2
715165758,2
827964858,1
773667708,1
717400533,3
713586858,2
711393483,2
812979408,2
711877458,2
714351558,2
828343083,3
790002783,2
708615183,3
718509858,2
718540308,2
778180158,3
778242708,2
806947308,1
714899283,3
708386958,2
710986758,3
718220358,2
710568333,1
712656783,1
717483558,2
721440633,2
738899658,1
711423558,2
721522533,3
708558408,3
714727833,1
714365883,2
715856208,3
708944958,3
771516333,2
772051308,3
788350908,2
818322033,3
716288958,2
712347258,2
779072733,2
710003958,3
715287708,3
708774708,3
713535033,3
719314683,2
789293358,3
787638408,3
715974783,2
716134533,2
708834483,2
780168333,3
711557508,3
772506858,3
765692658,3
720598308,1
709912683,3
815353083,1
720093333,3
717281658,3
765731433,2
712050933,2
787361583,1
709921158,3
714781908,2
717592758,1
821339433,3
715174983,2
710863308,3
806824908,2
710592933,2
771881283,3
708687483,2
719147208,2
709607733,3
713184858,3
719929758,2
759127158,2
780717483,2
708507483,2
787617483,3
816608808,2
716727258,2
813890883,2
768256908,1
811095483,1
720168558,2
719309133,2
721451208,2
772879158,2
712934583,2
710088483,2
753534633,2
710932683,2
714751158,1
718109808,3
713227233,2
718342158,1
804606033,2
720755658,2
711795633,2
716654808,2
817616433,2
716390958,2
716564433,2
719530158,3
710621283,2
716714733,3
720921408,3
789185508,2
807014583,2
721388283,2
716022258,1
789362058,2
771460158,3
714147858,2
708394908,3
778433283,2
720637008,3
716877258,3
812973708,3
788760633,3
718602708,3
712365483,3
789154833,2
715849983,2
780336258,3
716567433,3
713057658,2
718191483,3
811527933,1
778617708,1
785055108,2
822961533,2
709124883,3
772574283,2
761240358,3
708469533,3
769927533,3
718545033,3
714972558,2
772204758,1
709039533,2
716492583,3
766381908,3
719109783,3
796236258,3
709700058,2
716905158,2
718851783,3
709709283,2
711993258,3
780105483,2
718350033,3
715294083,2
710905908,1
721387008,3
715411608,3
710598408,2
718521258,2
713138433,2
718819158,3
718871358,2
720186258,3
710197308,2
817086783,1
749211483,3
789749433,3
715082133,3
714946908,3
716711433,2
712429458,3
708406083,3
720029508,3
709227033,3
720846558,2
716475183,2
714296358,3
719998233,2
719217483,3
720479058,3
779192283,3
716385033,3
711588708,1
714492783,2
709192233,2
797998158,2
714021183,2
780710433,2
780068283,3
719930658,3
755593983,2
770938533,3
714121083,3
779210283,3
709739283,3
716230158,3
708724908,2
789025083,3
713804058,3
718791708,1
785529708,2
794528283,3
794856033,2
712939533,2
708178608,2
716556258,2
708404883,2
709742958,2
772695033,1
714850158,3
708831858,1
718076733,2
714336333,3
780006783,2
779741883,3
780657708,2
771342183,2
712901283,2
802101858,3
718473558,2
743590608,2
720146733,3
788252358,3
717740658,3
714567708,3
711208083,3
709708233,2
709957158,3
828288333,2
709178733,1
721325133,2
816606333,2
720454158,2
717444558,3
816756783,3
715474833,3
718271958,3
708924783,3
717669483,2
809360883,3
717176508,3
711571383,3
713444058,3
713253858,2
719609433,3
797234508,2
714537258,3
793412958,3
714680208,3
715240683,2
803796708,2
717368208,2
802662858,3
780206958,3
779906658,2
772341783,1
711491283,3
720211533,3
715409733,2
710974308,2
715732533,1
713722608,1
709101258,2
708588408,3
721427358,2
717099408,2
715155033,3
789586833,3
709338633,2
714106833,3
741116058,1
813755658,2
718855983,3
711245433,2
814219008,3
711916533,3
715182108,3
717078933,3
719491233,3
789520533,3
714738033,3
718576908,2
715093383,3
717195933,2
747107508,3
717920583,2
710516283,3
787593558,3
778747608,2
714431058,3
708801108,2
715948833,2
770667408,3
823590483,3
710635083,2
716408058,3
713803158,2
713593683,3
709339758,3
789382758,2
813427833,3
717846108,2
720968583,3
721437333,1
709134333,3
712630608,3
712404483,3
717812133,3
714926508,1
771474108,3
709774608,3
718802283,2
711626658,2
789354783,3
720486408,3
717793983,2
718582158,3
713127708,2
717112533,2
713681433,2
718846008,3
714119283,2
713056083,2
718538958,2
710353233,2
713853858,2
710342508,2
787563858,2
799239033,2
710733183,3
718489608,3
758824608,3
780984408,3
814483608,1
708848208,3
719713683,3
715514133,2
715955208,3
794707083,2
805313808,2
772922883,2
715716333,2
714502458,2
712444533,2
797748708,3
780203883,2
720616908,2
817038333,3
713333433,2
710820783,2
720338658,3
803938908,2
787921383,1
787849833,3
721143258,3
709335558,3
806619333,3
719378658,2
720670458,3
716955783,2
817970208,3
708506508,3
750147483,3
715540233,3
807584958,2
720686583,2
820637433,2
716346183,3
715405758,2
710094108,3
713168733,3
708614058,3
718088133,1
720614658,2
716695533,3
717091533,2
713231658,2
715675458,2
712463883,2
708489258,3
708403308,3
769684158,3
710349258,3
713940033,3
713482608,2
714571008,2
715354008,2
819363708,3
712014708,3
788717358,3
710413533,2
718515483,1
715059258,3
713852958,3
767835558,3
721531683,2
720660558,3
814845933,2
773155533,3
711199908,3
721398858,2
715664808,2
715500558,3
719239158,2
820633833,2
720551733,2
718487958,3
710533233,2
778878633,3
720197058,2
716317458,2
718569258,3
711649908,3
720879708,2
815761908,2
711850533,2
721028283,2
710763783,2
720432858,3
772525308,3
767354208,2
715670058,2
713856708,3
758086458,2
717035283,1
709604958,3
714931458,2
711047658,3
718110858,2
716385858,3
708812133,3
787655058,3
803113383,2
721273008,1
715762083,1
711629733,3
718410258,2
719745558,3
820282383,1
793543758,2
778224858,3
712555233,2
718516533,3
708923658,3
717708783,2
780688383,2
718821783,3
718163808,2
712693908,2
711286533,2
711655683,2
718188858,3
718514283,3
708642708,2
811475733,2
712089108,2
710761533,3
714963558,2
714834258,3
713788083,2
719583558,3
744705408,3
713240133,3
815015283,3
718072758,3
709127808,3
715080258,3
709567758,3
780067158,1
715357308,3
720559908,2
720339558,2
809599158,2
793269933,2
809978733,3
788996058,3
712575708,3
789625383,3
719730258,2
793717608,3
709798908,2
716077458,2
813435108,2
708084558,1
719880408,3
719343633,2
718711158,1
717443658,2
715976433,3
719038008,3
709143183,1
710186958,3
709274583,0
816864483,2
708271833,3
821759658,2
820920408,2
718403358,3
713476758,3
720690933,3
719252583,3
712783083,2
771204108,3
817247658,2
821749608,2
714389883,3
713648208,3
826261008,2
824163333,3
709444983,1
711154908,3
769575783,1
720334833,3
709563258,1
708205083,2
715276683,3
721254858,3
712257258,2
789616158,2
708773583,3
711110733,3
714043008,2
780602733,2
823557333,3
772825308,2
713251008,3
711175083,2
756477333,2
712294983,3
717023508,3
709869708,3
772133808,3
768196008,1
708916083,2
789526458,3
716079708,3
720087708,2
714259533,2
714691683,2
768420558,3
778364583,1
719186433,3
719951208,2
720182658,2
789022233,3
778353183,3
713789883,3
773018583,3
771354633,3
717308433,2
712271958,3
716736858,2
713796033,2
710812533,2
782555058,3
714864333,2
787918158,3
779070033,2
789945933,2
720810783,1
715627833,3
809538783,3
715987758,2
711967158,3
712325433,3
716470683,3
713289183,3
711549408,3
709523508,2
717578358,3
711673983,3
713388108,2
715679733,3
779694183,3
788544108,3
715583283,3
719917233,1
717103758,2
714621183,3
721365033,2
712999008,3
780790008,3
779499933,0
717200508,3
716995083,3
718137183,3
787507833,3
810974958,1
717967833,3
712267983,1
717376758,3
718250883,1
717491058,3
802243458,2
714485508,2
711377808,2
718565733,3
712723608,2
789948408,3
734909358,3
719267283,3
780684933,3
720330558,2
720784833,1
789059958,2
797138883,3
721448283,3
710552733,2
742778358,2
713933658,3
788142483,3
789705408,3
780378633,2
817422408,3
781297983,2
710671608,2
719967708,3
711879633,3
716444733,2
718460958,3
789953733,3
770278833,2
787291308,3
710644158,3
717095733,3
813338733,3
787536933,2
714384783,2
713847858,2
809809008,3
719446833,3
720570333,3
815308683,2
810875958,2
717775608,3
718766058,2
710656683,3
768390708,3
713263758,3
754564308,3
827890758,3
779945508,3
720807183,2
709309308,2
715844733,3
712332183,2
790123983,3
711721458,2
716860233,0
714678408,3
708798483,2
708501783,1
713645883,3
718622658,3
710641008,2
718547358,3
716177583,2
713417433,2
713043183,3
719328858,2
718501983,3
803800533,1
771790083,3
712817808,1
811697958,3
817089408,3
803406558,3
717297708,3
808756458,2
718352358,2
780638958,3
721026033,1
719894433,1
812493033,3
718256658,2
711421233,3
710335983,2
720108783,3
818259558,3
708511983,2
708838908,1
778720533,2
793015083,3
821336133,2
713905608,2
779164608,3
714835833,2
823863033,3
713321508,3
708992733,2
709488108,2
716094333,3
778567983,2
712178883,3
717490008,3
718282983,3
747208083,3
820276908,2
719960133,2
711062958,3
714917583,2
767256933,2
712568358,2
789182358,3
716989683,3
827968383,3
819647358,2
788966958,3
789502308,1
756458508,3
714643983,3
711606558,3
824155458,3
710445183,3
802834158,1
712038258,1
712864683,2
813971283,3
764211033,3
721424583,3
713886333,2
711741708,2
794217108,3
715339758,2
709610283,2
714575208,3
716758908,3
778915233,2
789466008,2
716635758,3
771819258,2
713451408,3
780146658,1
711675108,3
755467683,2
792864858,2
713009208,3
772231233,2
720510333,3
780199233,0
711700158,3
788275083,3
708804633,2
714479358,1
711406758,2
821424483,2
769438608,1
822068583,2
711371208,3
788832033,2
713452533,2
720212508,2
717825033,3
779926608,2
713608383,2
710125608,3
712724733,3
718286658,3
714195108,3
720867708,1
752573508,3
768661758,3
721126833,2
716093133,3
771092433,2
712807758,2
721514883,3
824140908,2
712971708,3
716471508,2
782548758,3
720444408,1
717389433,2
714292533,2
709585758,2
712096758,2
811463283,2
789358908,2
718146258,2
710779083,2
709166883,2
712554183,2
721315233,2
714766383,3
797491683,1
714157908,3
714588408,2
719627133,3
714125883,3
712865583,3
779363283,2
779224758,3
718775808,3
710267583,2
711305208,2
717531483,3
709170108,2
716056158,2
711326583,2
715406658,2
712814658,3
773228133,2
710453283,2
795266208,2
779090883,3
712309758,2
716625033,2
790112133,3
797238108,3
716782758,2
715588008,1
713977308,3
719059083,3
708797583,2
708809283,1
771529608,3
715776033,2
778619358,3
715717608,2
789204933,2
711100608,2
713591283,3
719344608,3
787659483,3
822948708,2
710080383,3
715596783,3
798773208,2
768624258,2
721412208,3
708129933,3
719703483,3
708290208,2
710431158,3
816528333,3
778760808,1
718025808,1
815860008,3
780126033,1
720135333,1
719174433,2
821521983,3
716961933,3
712834533,3
710544033,3
710622333,3
714277758,3
713166333,3
714346608,2
778284783,3
714721608,3
716453883,3
713876958,2
794967408,2
798481383,2
718697583,2
711799458,3
823904133,2
718005108,3
717877533,2
711883833,3
711646908,1
718171308,2
709627983,3
716580933,3
713600958,3
772248408,3
720196158,2
770024733,2
710912733,3
712860858,2
708702258,2
797169633,2
709922508,2
712802733,2
716981358,3
758787333,3
720519333,1
717387933,3
738195708,2
708560733,3
717001908,2
768972558,2
716899233,3
715567608,3
713264583,2
716769783,2
719564208,2
716680983,3
715719033,3
713229633,2
788246958,2
720419358,3
772545858,2
771431133,2
717800358,2
798041508,1
710626758,2
718982058,3
791822733,2
718762308,3
716841783,0
794524833,3
721359183,3
715014633,2
714372333,2
766946058,3
708549033,3
708378108,3
826168083,3
779320008,1
715312158,3
711688983,3
714393708,2
789477483,3
712481733,3
713153733,1
780201633,1
709285683,2
789823383,3
709980783,3
772054458,3
788095158,2
717045033,2
710503308,3
757167633,2
779739783,3
758653833,2
771288258,3
716855058,2
708433683,3
713175483,2
709500183,2
789238683,2
710502258,3
715445058,1
719464758,3
708442158,3
718524783,2
717093858,3
711654558,3
718924983,3
717463608,3
715779333,2
708117933,2
789563658,2
709239483,3
766456683,3
779703258,3
709719333,2
717016833,2
711017433,2
712777233,2
712706058,2
720905133,2
712947333,2
806995683,1
720575058,3
770828358,2
721361433,3
770268933,2
789209283,3
716204883,3
715506258,3
711871758,1
772655733,3
719519058,2
716873733,1
780383358,3
718522308,2
716308683,3
719056833,3
712303908,3
715572783,2
713641233,3
712854633,2
779340183,3
771952683,2
716639058,2
779027733,2
713368833,3
713926308,3
720206658,2
708720558,2
713857758,2
711255858,3
798717783,2
710674533,2
718642458,3
709788783,2
752199183,2
789707433,3
717448383,2
779468808,2
790000608,2
770917608,3
716307558,1
719048133,2
771488583,2
717202908,2
720696558,2
788989083,3
720398958,3
716530533,3
714499908,3
708879483,3
716044383,2
781320783,2
711657783,2
715423233,3
719264058,3
711120333,3
714100008,1
798030933,2
708223383,2
708705783,1
778949133,3
709017258,2
709161108,2
716842908,3
787513533,3
717949983,3
714089658,2
718863258,1
717549408,2
807600633,0
770293758,3
765584208,3
811989858,2
721276383,3
708585933,3
713283933,2
714915633,2
709236633,3
827948133,3
718946358,2
714400308,3
789670533,2
770942283,2
827074758,3
818326083,3
712292133,1
709449333,3
788840283,3
716013858,2
712229283,2
751422258,2
715691808,2
794273283,2
788838033,2
712778658,3
789580908,3
778965183,3
714462558,2
789013833,2
800869758,3
807426033,3
720091083,3
711918033,1
709679658,2
779296908,3
720682308,2
714084483,2
719495958,2
789775308,3
714726858,2
709749483,3
710926383,3
717172308,2
771795933,1
785024808,3
710277183,3
714647808,2
709857033,2
714283458,2
804829533,2
716702358,3
720028683,3
757044033,3
719672283,2
719054733,3
793336383,3
795599883,2
715650783,2
711819708,1
713041683,2
779544708,2
712967508,3
710231433,3
817960533,3
713431008,2
709663608,2
754851783,3
808743558,3
778905033,3
720844008,3
714286383,3
718767183,3
712707408,3
789859833,3
812411058,2
712311258,3
778397358,2
715340733,2
797495958,2
720384633,2
810868758,1
719105433,3
715609533,2
712160058,2
779130108,2
712335858,3
789643383,2
717733158,3
713205108,3
719749083,3
811762383,3
708710283,3
708542283,3
720667383,3
822952158,2
716922633,1
709081683,3
710211783,2
720364158,3
713064783,3
709873683,3
758106108,3
711445233,2
778912683,3
780496833,2
720057183,2
789081408,2
720634683,2
808732458,3
719947533,2
715452408,3
718103733,2
788705358,1
772105608,3
718396533,3
712949733,3
772036233,2
713285058,3
710289783,1
780390108,3
720585183,3
711831558,3
710854008,2
717017808,2
823615983,1
807587433,2
709987683,2
714435408,2
718994583,3
793616883,3
779978283,2
713370033,2
710482533,3
778830933,3
736145283,2
778718658,2
719482008,2
715004808,3
720014358,3
718208358,2
713380308,2
716477133,3
713949858,1
827619933,2
779135808,3
719751483,2
708219858,2
779681433,2
720169383,3
718056033,3
789226683,3
822902508,3
780462183,3
715502808,3
788755158,3
780038058,2
709536483,2
712563408,1
771222558,3
708145908,3
717755058,3
789109983,3
802600233,3
720449208,3
719557983,3
766111383,3
789367083,3
710538183,2
708534033,2
716739258,2
788940558,3
714722808,0
713249883,3
714207483,2
720068808,3
778601733,1
709779258,2
713696808,2
720044658,1
716373483,1
714305508,2
712202433,3
716600733,2
778372158,3
714176133,3
708969633,3
715765758,3
803097333,3
710411358,1
715660308,1
711866358,2
710738883,3
717822108,3
714407058,3
710744433,3
778959258,2
713320008,2
766795983,2
716256483,3
712364283,3
714620358,1
709145958,1
709787733,3
809071083,3
721165608,2
716668308,2
708760458,2
720333783,2
789212883,2
711341433,3
720235608,2
716890533,3
708491508,3
718542858,2
717750858,3
712450008,2
827628408,3
713492583,2
718054833,2
788770908,3
710175783,3
715429608,3
714058308,1
717965808,2
709265208,3
713114133,2
721349883,3
758965158,3
749722908,3
709495833,2
717575958,2
714406158,2
767243208,3
711515433,3
720190908,2
818814933,3
719794383,2
709766808,3
709666908,3
794653983,3
716593533,2
714113658,3
708776658,3
712225008,3
787450758,2
789099783,3
711751533,3
708367908,3
714951858,2
720436008,2
718984533,0
716982483,2
708681708,2
720202008,3
714483033,2
711468708,2
821724483,1
716402508,3
721189008,2
712867983,2
713814408,2
716671983,3
708252108,3
717212958,3
713048733,3
779841483,1
710701233,3
718837683,1
718127958,3
718685358,2
771559158,3
710138883,2
711197658,3
709045683,2
708272808,3
720292983,3
709112508,1
712840608,3
788920308,3
718160358,2
719325783,1
712885533,3
719268333,2
721004133,3
714103908,3
771502383,3
713014533,3
713980383,2
711294258,3
719954733,2
711561933,3
826077033,2
711555483,3
715194183,2
716929233,3
709014558,2
710636208,2
815525508,2
718746933,3
715686183,2
741778458,3
801056358,3
709486158,2
713826183,2
803342358,1
780292683,1
788646858,3
711116133,2
708584208,1
789097833,2
709443633,3
767280633,3
713096583,1
721033908,3
756025233,1
711977508,1
772076208,3
710666583,1
712369308,1
794784633,3
716437533,2
715109508,0
795392433,2
712721358,1
720118908,2
799486158,3
718980633,3
717336408,1
709546608,3
823624158,2
771688983,3
708701358,3
712048008,3
710712783,3
716626008,3
718284408,3
717414933,3
713032233,3
714234858,3
714818058,2
708731658,2
708706833,2
780100533,3
711712983,2
712549758,2
713348433,3
820599333,3
787261008,3
778343958,2
788407833,3
760807608,3
771108933,3
715954158,1
715499058,2
717995958,3
718736883,3
721045608,3
715215108,3
795823383,2
718338708,2
713588958,3
710120358,1
809582058,3
709199358,2
821889858,1
815324433,2
793656633,3
713246208,2
711493158,3
721163133,2
826417233,3
711619608,2
712244733,3
709638783,3
720296808,1
718926258,3
714706083,2
721473783,3
712230408,3
716186883,3
715204083,3
709283358,2
817887408,2
789481233,2
718184883,2
821157183,3
709837308,2
779491908,3
718399233,2
779447358,3
710661333,1
789114408,2
710570058,2
712681608,3
709086933,3
709179708,2
711206958,3
823928058,2
796330983,3
771284658,1
779307558,2
788846508,3
783500283,2
802247658,1
795573333,3
721366308,3
720377433,3
711243108,3
789351783,3
719699208,3
720774183,3
713590158,1
715547058,2
815596608,3
718921683,3
720031908,2
716716083,3
819969933,2
714382608,3
720092283,3
720531633,1
718508883,2
708794133,1
713447583,3
716107158,2
712713108,3
719245083,3
708269583,3
720234708,2
709436883,3
714140133,3
716136333,1
715031433,3
810667158,3
715253433,3
809937933,3
708997833,2
718296558,1
780086658,2
708754833,3
788638908,3
715607958,3
708515358,2
716357058,3
714569958,3
716822583,2
721109358,2
827635083,3
715492983,3
712234308,3
708334158,2
812488608,3
793345008,2
715487733,2
788856408,3
708154833,1
721147383,3
803973483,2
788941983,2
715603233,3
709945458,3
714614133,2
768167358,3
737967708,3
712920633,2
780373233,3
721384308,3
712242633,3
713610933,2
714257958,2
772172883,3
720204558,3
779635533,3
804658833,2
756691608,2
806219808,3
826266483,2
775152708,2
787596558,3
803205258,3
716041908,3
708837858,3
828227433,2
714487458,2
711390333,2
787974108,1
714036258,3
788752833,3
773108958,3
782437008,3
710729358,2
827423433,2
756919683,3
779219208,2
712342833,3
721121283,3
790006383,3
756989583,2
717477783,1
716614683,3
789942033,2
740784258,3
711336033,2
768141558,3
717179508,3
716520033,3
783625008,2
769330908,3
789396783,3
709310433,2
713094483,2
770753733,3
712659408,3
768475383,2
779655183,2
711278283,2
713345508,3
711379083,3
789144633,1
708393633,3
708657033,3
717949008,2
788866983,2
751283658,3
718243533,2
779754408,3
794866983,3
711832533,2
788552658,3
715415508,3
719962458,3
712734933,2
717410508,2
711796683,3
709407933,3
810493458,3
720494058,2
717050883,3
713163258,2
715659333,3
712414908,2
720175008,3
719876808,2
713334483,2
708360108,3
720676158,3
716631708,3
713025558,2
710506683,2
712428333,3
718041033,3
709169133,2
718164858,3
809565183,2
778377183,0
712845258,3
716915133,2
771403008,2
787441383,3
711345258,2
713685033,2
718205283,2
708337683,2
720941433,2
710201058,3
785218458,3
770740308,3
787493808,3
708846183,3
810586833,2
711151383,2
712425258,3
772063308,2
718574808,3
717131283,3
798996183,3
716831508,3
715297908,1
813234108,3
711027183,2
718812708,2
709505808,1
711267633,2
719613783,2
719035758,3
708473133,2
712996833,3
720963258,2
819606258,3
714634983,2
806428908,2
710903358,3
712676208,3
709005633,2
712102983,2
754480233,2
719042208,3
716251608,2
715537383,3
709460883,2
789325008,3
719195733,3
787665258,2
710226708,3
711982383,3
716345283,3
816850458,2
710842308,3
713132133,3
788874333,2
717987258,3
793712658,1
708324483,2
768612258,3
719659758,3
711313158,2
716483358,3
719829633,3
812465958,2
786536808,2
807369708,2
711397533,3
711740508,3
715233108,3
813807258,2
769183908,3
718451133,2
721115733,3
720085233,1
717036408,3
714427608,3
780019908,3
827898033,2
720302883,3
715893633,3
720730683,2
720638283,3
789053883,3
719286708,3
713952558,1
793395933,3
813895458,2
771733608,2
710102208,2
719511783,3
712849158,1
783070833,3
713419908,2
789345408,3
720992883,3
803652633,3
789248958,3
716178483,2
715440558,3
711535158,2
713647083,3
718311933,1
718404783,2
817332483,2
710015733,2
794965233,2
710512833,3
710803008,3
712987608,3
716974383,1
720930633,2
710136258,2
779438208,3
721017333,3
720952608,3
712886733,3
810545733,3
822132858,2
713526258,2
712877733,3
713339283,2
720473433,3
780584658,3
711824358,2
789990333,3
721332033,2
709612983,1
771058908,3
715471833,2
711781233,2
713947908,2
709741608,2
709333608,3
709688883,2
716269308,3
708692583,2
709892658,3
713815383,2
710183283,2
711937158,2
771486933,3
717450633,1
718421808,3
716403633,3
717646983,2
778837083,2
768632958,2
715622508,2
708402333,3
708946008,1
715625658,3
789599283,3
708960858,3
814840833,1
772082208,2
711597183,2
712110333,2
718673358,1
712479633,2
716108283,3
779360808,3
716352033,3
716643033,1
711567333,3
788756133,3
755437533,3
713573508,2
709430508,1
710645583,3
714253983,2
771566208,3
713314533,2
720725883,3
708539583,3
716747283,3
787519683,3
721044333,3
713679633,2
711126483,3
814191333,2
715040208,2
710769258,3
715227633,2
708635058,3
709051533,3
718940208,3
712361583,2
708390633,3
720281508,3
720885558,3
709781208,2
710086308,3
713282733,3
815812683,3
708204033,3
720040158,2
755996583,2
711359058,3
714064908,3
717074283,2
765847383,2
789531633,0
820593033,3
710078358,3
715025208,3
709596783,2
715960308,1
716653758,2
787268733,3
789923058,2
771079833,2
710507733,3
779269158,2
711627558,3
710536983,3
712237458,2
778289883,2
714154533,3
803657133,3
769053033,1
713613258,2
768544833,3
720782658,3
768162108,2
710511858,3
714516033,3
788630958,2
717646008,2
712290258,3
716292033,2
780372408,2
720853158,3
823507833,2
711111633,2
709904508,3
712022883,3
712173108,3
714156633,2
714581358,2
713256033,3
825831933,3
720274158,3
772394883,2
794253108,2
720899883,2
714313608,3
716602683,3
715928808,3
771899433,1
714771708,2
709711758,2
721137558,1
820268358,3
709273383,2
822959133,3
720491958,2
713607108,3
709729533,2
717890583,3
718384233,2
713401758,3
773257233,3
713556033,3
719265108,3
778740708,3
710952933,3
720991833,1
779954658,2
714204108,3
805546308,3
716244933,2
712018233,3
802878408,2
719504433,3
794558658,3
711634008,2
708260208,3
713435058,3
719656533,2
719709558,3
710311233,2
719216508,3
713105508,1
710719683,3
817892208,2
714102183,1
715410783,1
718202658,0
719445633,2
709820658,2
718481283,3
789300408,3
711970533,3
815088483,3
717139608,3
717626508,2
767668908,1
712484733,3
716216958,3
714246333,1
718693683,3
716298633,3
755661933,1
712914783,2
711240108,2
721396758,3
715636533,2
711508608,3
716669658,1
718212633,3
708357183,2
713629533,3
771450708,3
711311883,2
802673508,2
708113208,2
788786208,3
720043533,3
801083133,3
716246733,3
807157833,3
721032633,1
828285858,3
718890933,2
711148308,3
712810233,3
714098883,3
779327733,3
716364408,2
710461083,2
709306983,2
769035933,3
813182658,3
781110408,2
818007783,3
708862233,2
714006333,2
770596458,1
789392883,3
803805483,2
709534083,2
710579583,3
708949908,2
711907083,2
718696458,3
710611683,3
721511883,2
779116158,3
720193533,2
753094533,2
719545983,2
716494383,3
769892058,3
709098108,2
715705683,3
715724808,3
717123858,3
716236683,3
771224358,2
779310033,2
710595783,3
711409833,3
721174008,3
714192933,2
709632483,3
718431258,3
817029108,3
796931508,2
769577358,3
815589558,3
714287583,2
718975083,2
715315008,3
779252283,3
714031083,2
772442883,2
714533058,3
716570958,2
710116833,2
718586133,2
773322558,3
714554808,3
717903108,2
815908908,1
771464808,3
708234558,3
715737258,2
710188308,3
708670608,3
714839808,3
811140933,3
788937933,3
721527858,1
718265658,3
714312708,3
715821183,2
709487058,2
712675158,3
826473858,3
817382958,2
712927383,1
712894308,2
712349808,2
778780008,3
711430908,2
779670783,2
718757808,3
779530908,2
716389833,3
718469658,2
809849358,2
719772258,2
809363958,2
709165533,3
809846283,2
708427908,3
721228308,2
713374533,3
708708858,2
721111233,2
708538608,2
718866633,2
719100633,3
789328083,2
822905058,3
816549933,3
716421633,2
712667958,3
809559933,2
819979458,3
708100533,3
778669608,2
802867683,3
711893358,3
785410158,2
718596858,3
708338958,3
714688833,2
789662283,2
712805658,2
815598858,3
779412783,3
780036483,3
711527508,2
720768258,3
716023533,3
714075708,3
787475433,2
787505133,1
712241433,3
807990108,2
719018208,2
716641983,2
708989358,3
708807483,2
715774833,3
714733908,2
721067658,2
788997408,3
719835033,2
771854808,3
717299958,3
720778458,0
713019783,3
770968383,2
709747308,3
801366783,3
798786333,2
771723408,2
715117008,2
713944833,2
713569158,1
713037333,2
718267233,3
709736658,3
710929233,3
714290583,3
717972408,3
718626033,2
720008133,2
710476908,2
709888383,3
788864508,3
714010383,2
719549508,3
718670808,2
718211208,3
712578933,2
709343433,3
767488908,2
719531133,2
719006508,3
721287183,2
711144183,1
709080783,2
710520408,3
785262333,1
716513358,3
719073483,2
715372083,2
780034083,2
794581533,3
710013258,3
719084358,2
789173958,3
789575583,3
712434708,1
808675083,3
710864358,2
712574583,3
708412758,2
714389058,2
715767033,2
779281233,3
717147708,3
715029333,2
806989008,3
713158083,2
771037008,2
710587458,3
710563458,2
720010608,2
710343783,2
772578858,3
708559533,3
711939558,2
772143333,3
711067383,2
817041408,3
771942333,3
755247108,2
715710708,2
713858733,3
717129333,2
716924958,1
719614758,3
721537683,3
771500358,3
711531858,1
715060158,3
779725833,3
716592558,3
771020133,3
709153008,3
713394858,2
721175283,3
715503558,3
819943458,1
717094758,2
772073508,2
721351983,1
714477408,1
718471758,3
711607833,3
708621408,2
719277033,2
813905508,3
719761458,3
708222558,3
713937558,2
709603608,3
804661083,3
720977358,3
718420308,3
714046608,2
718048608,3
718497033,2
711801933,2
716282208,2
789076083,3
714045783,1
769720683,3
721092783,3
720243933,2
818502708,3
712942308,3
714262533,3
714708183,2
718285308,2
720595083,3
787501758,3
714990633,3
714652383,2
788776008,3
709176108,2
719354433,3
709368483,2
717621333,3
716272158,1
803355408,3
717073308,3
789105183,3
721305408,2
715739733,3
779217333,3
712133508,3
714602658,2
712446783,1
720049083,2
824172258,3
717695058,2
719782458,3
718141983,3
718853358,3
772539558,2
817094283,2
716932308,2
714738858,3
772409733,3
717534108,3
816378033,2
790141308,2
710770383,3
711351108,3
713744058,3
708998583,2
827451333,2
714228558,2
797668983,2
713023158,3
709982658,3
715398858,3
715615233,3
710650608,3
803214108,3
717202083,2
719051733,3
789900633,3
789122808,2
709902108,2
713666058,3
711453783,3
778936008,2
708085458,2
749067633,2
716170308,3
711507783,2
819752133,3
711061908,3
744231708,3
716856408,2
711780108,3
715178733,3
721418133,3
720124758,2
809068983,2
711052308,3
718967433,2
709827933,2
787568433,2
720256158,2
715435758,3
719505483,2
721247883,2
772220433,3
789692283,2
815091333,3
778732158,2
715129233,3
714083208,3
716559108,3
715102308,1
768814983,3
788744058,3
782802033,1
708499608,3
794947683,3
716442333,3
772189308,3
721529583,3
713578608,2
718976283,3
711505308,3
711131958,2
714687858,2
780289308,2
708504783,2
778857108,2
756598833,3
718748133,2
714503433,1
710869008,2
779643858,3
715250583,2
714396558,2
752766783,3
715532208,3
719130558,3
806232408,2
715497558,2
716303583,3
713522058,3
719074308,3
711881733,2
710310108,3
715814433,3
717252483,2
770874483,3
719742108,2
711064008,3
717208833,2
709022883,2
713653983,3
713463708,2
789143283,3
778550583,2
711181608,2
711790308,2
779791908,2
789515283,3
712046808,1
712169883,2
712637283,3
715555833,2
708712833,3
717841683,2
708689958,3
708888633,1
721012983,3
812406183,2
714595983,1
715725858,3
720270633,2
720269283,3
710142258,3
708525108,3
709621008,3
717181833,2
711288558,3
718653333,2
766628733,2
711724083,1
719690733,3
770783508,2
713422083,2
718026858,3
716028108,2
712222758,2
718436133,3
719313633,3
814586958,3
804344733,3
717166383,3
713060283,3
713070033,3
793625583,3
713918358,3
714308283,3
714086133,3
718872858,3
718148358,2
709665783,2
708483708,2
715347783,3
709054083,3
807915408,2
794507133,2
712569408,3
788805108,3
710150208,3
711825558,3
712891833,3
719680908,3
801053208,3
758642733,3
771201408,3
789523683,3
767266758,2
713732883,2
720739083,2
718010133,3
771518658,3
710508858,3
772590408,3
719334408,3
717500133,2
720988083,3
713594883,1
719848908,2
714962658,2
717429258,2
717022533,2
710853033,3
709548783,2
780055308,2
714252933,2
713336883,2
713119308,2
710815608,3
809626983,2
803398983,3
717568308,2
711694083,3
712258308,3
713884458,3
716160708,3
772728933,2
815320383,2
712117983,3
788694558,3
709275558,2
711216933,3
717069033,3
714992733,3
809445858,3
708859158,3
710040483,3
714667608,2
714475908,2
713656308,2
716790633,2
716127333,2
713017758,3
717893358,3
780032208,2
720219633,3
711676008,3
714192033,3
713442933,3
789052308,2
714948858,3
711772983,3
802937058,3
712493058,2
718808883,2
719685408,2
708829758,2
710792733,2
716838633,3
714041283,3
710284233,2
752944533,3
713312208,2
804045933,3
716662683,3
713432508,3
799475658,3
719849958,3
715803933,3
779486433,3
708281433,2
779844408,2
721306908,2
713964858,3
717545808,3
771232533,3
710883483,3
801715383,2
719594433,3
716310633,3
714188883,2
772437633,2
708536283,1
772569033,3
714443883,2
710369658,3
788440083,2
773332908,3
709307808,2
712507758,3
715701033,1
718478883,2
788734158,2
794490858,3
718397658,3
718826883,2
716733933,3
809307108,3
778671483,3
815504583,2
789319458,2
710382108,3
720895533,3
709891608,2
717136533,3
790164408,3
795613233,3
709009833,2
720054183,3
713193408,3
801508383,3
711949683,1
787747308,1
720064158,2
779104608,2
715477233,3
719524383,3
713804883,2
710359458,3
716311683,2
753795633,1
780076833,2
716019333,3
820657083,2
716901858,2
756571983,3
817607358,2
778268508,3
778984383,3
720771933,2
748827033,2
712591983,3
712181658,3
712297683,2
714684933,2
720742083,1
772310958,0
715343883,3
720470133,3
710420133,2
720933408,3
716304483,3
719534058,3
710515308,3
797241108,2
708884658,3
794475483,2
714315858,3
717217983,3
721124658,2
716753058,2
711069483,2
708478233,3
710783358,3
713710383,1
720815208,2
721338783,3
714121983,3
715061733,2
720520308,1
806908608,2
798972183,2
715030308,3
708244458,3
789479058,2
784998108,2
711808383,3
770839608,3
713866308,3
714250908,3
739317558,3
718702908,3
720644883,3
717182883,3
719384433,3
787301208,2
720924633,2
721316358,2
716118633,3
789880533,1
711221958,2
715510683,3
718689258,3
716368008,1
712092783,2
789541458,3
719539458,2
713082708,3
794665608,2
712827258,2
714525633,3
708726708,1
768498258,3
712767858,1
709231683,3
712445583,2
711461658,3
713891133,1
710074458,3
779279883,2
719674533,3
716535408,3
710319108,3
714777858,3
769974258,2
717819633,3
712953483,2
779029458,2
721321383,3
716973333,3
709946658,3
709243533,3
709999308,2
712389108,3
712305333,3
812785158,3
765459858,2
714894708,1
711296508,3
795713058,3
789487308,2
720130233,2
789047208,3
715864983,2
708765933,3
809320908,2
779324358,3
713730108,3
711783483,2
719294433,2
718279008,2
721238508,3
709365483,3
718477983,3
719809533,3
717239133,2
814091058,1
710555433,2
770956158,3
718263108,1
715984908,3
711020358,3
788769783,3
715496808,3
779931783,2
818763033,3
711953358,3
716485308,3
716432658,2
712691883,1
712611108,1
716245833,3
780052008,2
709759908,3
788667408,3
721449408,3
708316008,2
714655758,2
711846183,2
720612333,2
714673833,2
710525508,2
757854858,2
714658233,3
716381808,2
720831783,3
714319233,2
718178583,3
708886533,3
716239383,2
714672933,3
809954133,2
714855108,3
718730283,3
709232808,2
804428958,2
711474333,2
720070383,3
720322008,3
714527433,2
789267633,3
714523383,3
713996283,3
714557583,3
714014733,1
779065458,2
712733958,2
719231583,3
778801608,3
720728133,2
718153233,3
716122008,2
714960408,3
772382283,1
817236708,3
714266883,2
792795933,3
717219933,2
719986758,2
712326708,3
721505358,3
804337233,2
785351133,2
714034158,3
720349983,2
720155583,3
806140383,1
799031958,2
719556558,3
771455508,2
712214283,2
712667058,3
715393908,3
751518633,1
769100508,3
720582558,2
710773533,3
712395408,1
818459733,2
708867408,1
772457583,3
810271083,2
712649058,2
788737083,3
714012258,3
757662258,3
714388158,2
720067083,3
814529508,2
794068308,3
824812983,3
713396358,2
719420883,2
785500533,3
712138008,3
709279608,3
788771733,3
753365883,2
770717883,2
716919633,2
717915783,1
720099708,3
711004533,3
709482633,3
717381183,3
719716983,2
711117108,3
780567408,3
778810083,2
778696608,3
771469758,2
714172158,3
713713983,3
787454133,2
709597983,3
708298233,2
779885358,3
709938708,3
719620983,3
712329933,2
798280683,3
715265208,3
826069983,3
708890958,3
708818508,3
795784008,1
714965958,3
716328558,2
780747033,2
713923233,3
710962308,2
713254983,2
720275358,2
715964058,3
721461258,3
710727333,2
717325158,3
825856083,3
807136758,2
715400733,2
713927283,3
711594858,3
711389358,3
720769533,3
715736283,2
768949983,3
711253383,2
798457833,3
794554683,2
789996783,3
712220283,2
751150233,2
715815783,2
712599783,3
719653308,2
708928908,2
709780158,3
768675483,2
714243408,3
711323283,1
713499408,2
719245983,2
810789708,2
710301858,3
718611333,3
787557258,2
711533058,3
715805133,3
708680583,3
789454683,3
711428733,3
715842183,3
815772333,2
778255083,3
715571583,3
720711483,1
827436483,2
710715783,2
758367933,2
721399833,3
708727983,2
802822833,2
713276733,3
809440008,2
716959833,2
714432108,3
772580958,3
715071483,3
712410858,3
715395933,3
711237633,2
781337658,3
718913358,1
715784808,3
718452633,2
769883733,2
709375158,3
801977733,3
709175208,3
788990508,3
720835308,2
717365958,2
779577108,2
801497508,3
716131083,3
784734258,3
711122958,2
779508333,2
717699408,3
720210483,3
709329558,3
721222833,3
712682583,0
710051658,2
708606633,2
710862258,2
720072933,3
757527033,2
713115483,2
816078708,3
713985183,3
789601308,2
720133908,2
803197833,3
812222208,2
757634583,3
719362458,2
789331908,2
715616358,3
711784908,3
806900508,3
710098233,2
713508333,3
712176708,3
719724933,3
716537433,3
713186058,2
787558683,3
718002633,3
789241308,2
713941158,3
808950108,3
719050458,3
718021608,3
788870283,2
778272408,2
720079758,3
787457883,3
719884983,3
822056583,3
714585033,3
713981283,3
715328658,2
708918558,2
748194633,3
719323683,3
708611733,3
771219033,3
721480158,1
708086958,2
709100283,1
719350908,3
714124983,2
718031508,2
709732608,3
713466033,2
716369208,3
781143933,3
711337158,3
714724908,3
719973033,2
714196008,2
780272208,3
717849708,3
712437108,2
767802483,2
709064208,2
714343608,2
709668408,2
712753758,3
807722658,3
826808208,3
757224108,3
816091608,2
819684183,1
719630358,2
712399308,3
721282908,2
820848408,3
710888883,3
711338058,3
721317333,3
711350133,3
803606958,2
721039308,2
713440833,3
780814158,3
717255333,2
714368883,3
788797983,3
720642633,3
708793008,2
819351258,3
715212108,2
720046458,3
779942808,2
713709258,3
779961408,3
798699033,3
754968033,3
710163633,3
781675983,3
720418383,2
778486008,3
718303683,3
716756133,3
711363258,2
708551508,3
715019883,3
711125358,3
708453408,2
716370258,3
803880108,3
708660408,1
709822008,3
716411358,2
717524433,2
721011858,2
719734533,3
712285908,3
713675658,2
712869783,2
708545058,3
817240833,3
711671058,2
719815383,3
808747233,2
713084208,2
806652483,3
709803258,2
717765183,2
779041983,2
709868433,3
818699208,2
717395733,2
719516208,2
717026658,2
801516183,3
716231133,3
779625858,3
709575858,2
720927183,2
772198983,3
721122258,2
758875908,3
716501133,3
719250783,2
789179583,3
708254733,3
719758758,3
805458933,2
720408708,2
788911458,2
771862308,3
714616308,3
721221783,3
766021083,2
771918033,3
719756133,1
711777633,2
713261133,2
788519958,3
768412608,3
709972908,2
713029683,3
768243858,1
711685758,3
714528258,3
818930808,3
713310558,3
719995008,2
811713408,3
709649958,2
708822783,3
771869508,3
804413508,3
815756058,3
712278108,3
717072108,2
721460283,1
784827108,3
717862308,3
716726058,3
717405408,3
718734408,3
771666783,3
789301458,3
772329183,3
713792583,3
719577258,2
770878458,3
798308058,2
772528158,2
718707933,2
709791333,3
710090958,3
772687983,3
714707133,2
720126033,3
713995233,2
771638733,2
715009833,3
711497283,3
803418783,3
814611633,3
709411383,3
825753258,3
713930433,2
715941633,2
772162683,2
712531008,2
711583458,2
714418983,2
708699108,3
771749733,2
715235808,3
716666133,2
716709858,2
715356258,3
720389283,3
778131333,2
708286683,3
814765533,1
814195758,3
717121758,3
768720708,3
718032483,3
809966058,3
711553308,3
708253458,3
711276933,3
718165758,3
780089658,3
826421958,2
778712658,3
708158133,1
712514508,2
710725383,2
772601283,1
716371308,2
718518858,3
712579983,2
716511483,1
708653958,1
712161858,2
716761308,2
710547783,3
772118583,3
712154883,3
793842558,3
792695808,0
798047583,2
719453283,3
717637908,3
708303108,3
788876208,2
772069683,3
780143283,1
805453908,3
780897858,2
719881533,2
717346833,2
718555308,2
771783333,2
709208808,3
818901708,2
713247408,3
715617333,2
714230808,3
715866033,3
718065333,3
710756133,3
713873658,3
771499233,3
711274458,2
790108908,2
797389758,2
827100333,3
711647808,3
714035283,1
720553158,3
717924933,3
802856508,2
708376983,2
712673283,2
711862533,1
772407333,2
778356408,3
716791908,3
757761033,3
758186433,3
786546783,2
789634983,3
720654183,1
715880283,0
719990358,2
779348358,2
715130808,3
713818158,3
709728183,2
715797783,3
710879283,2
827051808,1
710484408,1
817108083,1
715995933,3
713567958,3
779118708,2
721484283,3
708817608,3
789231858,3
788661408,3
813449508,2
789925833,3
709296558,0
780180033,2
713474733,2
771527508,3
709614333,3
767005683,3
718686558,2
715655283,3
819631158,3
710866758,3
790119408,2
771332283,3
771408483,3
811912608,3
708684108,1
768638208,3
803115258,2
708869283,2
720892833,2
709762008,3
708600033,2
708736608,2
713047608,1
711717258,3
711886383,2
713058858,1
713993208,2
717855933,3
713436183,2
778360608,3
710914158,3
714789033,1
809811858,2
826709658,2
752648883,3
715771608,3
719061933,2
792345258,2
711765708,3
783393633,2
779667408,3
805461783,2
719098308,2
771433608,2
825811158,3
715252383,1
809092458,3
713706258,3
714693708,3
721072908,3
716675358,3
708128733,2
711392508,2
771420708,3
721207908,2
715798608,3
716758008,3
714847983,3
716975583,3
804434058,2
714293358,3
710989008,3
757194408,2
711459483,2
762020133,2
719256483,3
717211608,3
717125958,3
779261433,3
780720258,1
715593783,3
770858283,3
718570158,3
711039633,2
714074808,3
710439483,3
717516333,2
788835408,2
716414958,3
712327608,2
796326483,2
714146208,3
779166783,3
720818658,2
712982808,2
718657083,2
715222533,1
718187508,3
802455633,2
714493983,3
780664758,3
718466883,3
771338658,0
709052883,2
708373083,1
716157408,2
713305233,2
713000058,2
714909858,3
804371733,3
772846383,3
712552608,2
719887008,3
773342808,3
708375858,3
789417708,3
794675058,1
718034058,2
778919583,3
713850783,2
814785108,3
809616108,2
809378133,2
779658408,3
717954333,3
737052258,3
708108333,2
715047333,3
714390858,2
717107808,3
713564208,3
720357483,3
803339583,2
708972783,2
710157108,3
721483158,2
767553333,2
710436108,2
779870883,3
817188408,3
719723658,2
806189658,3
789070233,3
712013808,3
708602283,2
809452383,2
714413283,2
712407783,3
720062508,2
717878883,2
714013983,2
753208833,3
721241583,3
713695158,3
711540108,2
823878408,3
779533983,2
713583408,2
714037308,3
715581633,2
795684783,3
718645308,3
717870108,3
815515158,3
713957283,2
715058433,3
794771208,3
720180633,3
815539233,2
778933983,3
717960033,3
825368658,3
721154208,3
718572408,3
749571633,3
713914683,3
713301633,3
711399408,2
711494208,3
711716133,1
713906508,2
708768258,3
719538183,2
718957083,2
720872433,2
779403558,2
788994783,2
715530258,1
803380383,3
716766033,3
757300008,3
810986883,3
819200133,2
710410158,2
714488433,3
714267858,3
827062158,3
710669733,3
716498883,2
780529908,3
714028083,2
714572208,3
708976908,2
721409358,3
809311758,3
712602708,2
789087858,3
711264033,3
770180808,2
789271533,3
720152058,3
826490133,3
717966933,3
808669083,2
771422883,2
717570258,3
708703308,1
789508758,2
780653208,3
709077933,2
715200783,3
710526633,3
714186108,3
820047858,1
708894183,2
708186933,1
778937583,3
708498033,1
815315058,2
751607058,2
718194858,3
827123883,2
711473058,3
715197633,3
713512308,2
790023408,3
720403008,2
709581483,3
711201108,2
708784083,3
712838358,2
714887808,2
716581983,3
716930133,2
808981608,2
709714008,2
811942983,3
715565058,2
714519408,1
719153433,3
809127858,3
712740108,2
720251358,1
713935533,2
710243208,2
708870408,3
795844983,2
828294933,1
713531808,2
712307283,1
715778358,2
778910883,1
710637183,3
712781883,2
709664658,2
717574683,3
771497283,3
714991608,3
779848383,2
715495308,3
712431183,2
714895608,3
718324983,3
713541033,3
771989733,3
789698733,3
787514433,3
811081083,3
717371583,2
715579233,3
781930233,3
716825808,3
757053408,3
788418933,3
788898933,2
712163433,1
717343833,3
820868508,2
789240258,3
716951658,2
718932633,3
711487533,2
715306983,2
712771233,3
789637308,2
717247383,2
714842208,3
794172033,2
713592408,2
709314408,3
715957233,3
719414658,2
719632683,3
708136908,3
721393083,2
714520233,2
709455108,3
767058183,3
770800683,3
779651058,3
710443833,3
717725433,2
720600858,3
717797658,3
779458383,3
788767983,2
711994458,2
713948808,3
710456658,3
771531708,0
713546883,3
711447783,3
713746608,2
718020408,2
719475633,2
719654283,2
720114633,3
816315558,3
712567083,2
711302883,3
719775408,2
712070208,3
718641483,3
710690733,2
718441308,3
772243833,3
711992133,3
779084208,1
715304958,2
713179083,3
709836258,3
715950483,1
798281808,3
720414558,3
713509908,3
711919608,1
709993158,3
767815233,2
717624708,2
720015183,3
778236858,0
789095958,2
713736333,2
717836733,3
712619808,3
712221408,3
714213708,1
720289533,3
709469658,2
772323033,3
742572558,3
718848183,3
719034183,3
720142308,2
771872733,3
718816158,3
720003558,3
818993508,3
715672458,3
789820308,3
819688458,2
710785383,2
712837233,2
713597658,3
713953383,2
716891583,3
716510658,1
708125733,2
716484333,3
708519108,1
719740008,1
717087858,3
711605208,2
714882258,3
792300858,3
766550808,3
718941183,3
708516558,3
709350783,3
771230508,2
710978058,3
713405133,3
710723958,3
823840458,3
791754258,3
789472833,3
711099408,3
745853283,2
717790233,3
818791833,3
714981483,3
719373558,2
823609383,2
714408933,2
713661933,2
716218908,1
818710233,3
719463708,3
817958733,3
708397008,2
720547533,2
708780783,3
758178558,3
716237508,3
714735033,3
709726158,3
770909433,3
822121608,2
717278808,2
712640583,3
716099958,1
788772708,2
712795833,1
718892283,2
720294258,2
721181883,2
712098033,2
712593933,2
711343233,3
712394283,3
790021233,3
711890808,3
714164808,2
825850383,2
789533133,3
779523258,3
719617758,3
779858058,2
710423358,3
710500983,1
711851583,3
779405133,2
719410083,3
796196733,2
711904008,2
717666783,1
719911458,3
787506558,2
719046558,3
708291633,3
720731808,2
745124658,3
789907533,2
716466483,3
715919283,2
756736008,3
772857558,3
709246683,3
714559458,2
778405458,2
772150983,1
715128408,3
717856983,3
778231983,3
823908858,2
798011733,3
717945108,3
712560558,2
711391308,3
717688233,3
721093608,2
712669983,3
790017858,3
712012758,3
720249183,2
821813058,3
778152108,3
720563958,2
719633508,2
716689383,3
711420258,2
713177808,2
708897408,3
710855508,3
710115108,3
713920158,2
715303608,3
710897133,3
772813458,3
712998033,2
712843983,2
717947508,3
719279208,3
711365133,3
720328008,3
718183833,2
717985158,3
771928608,3
713355708,3
816761433,0
714245358,3
716313858,3
714868608,3
717273333,2
711631158,3
714127383,1
790204983,2
822051858,2
715144383,3
717971208,2
718829358,3
779380908,1
714144258,3
797666358,3
709965858,3
779980758,3
811775883,3
799720158,3
713011683,2
713503983,3
712137033,3
715910883,3
718142958,0
719359458,2
714869958,3
771163533,3
709028208,2
719834208,3
779305008,3
714506583,2
712677633,2
708450033,3
719606133,3
789772983,2
720656883,2
718108758,3
709408983,0
771592458,3
778932633,3
708669408,2
779947908,3
716007708,3
767574108,3
720777558,3
816841083,3
778849908,3
708745983,3
713381433,1
779404383,2
718607883,3
710542983,2
709769283,2
721253508,3
801037833,3
711452583,3
716697708,2
708176208,2
716474358,3
713121408,3
794567133,3
717609633,3
708899283,3
772415808,3
716176683,3
709245783,3
720507108,2
716751858,2
712829808,2
711900033,3
712566258,3
712732908,3
717908208,3
826136283,3
778714833,3
779302233,2
778659108,3
720374808,3
719592483,3
714702033,3
717042333,2
779122908,3
710676483,2
827712108,3
769200858,2
779114283,3
771061008,2
716201133,2
817968783,3
826480308,3
720307683,3
709618308,3
710119233,3
789419658,2
789800358,3
715466133,3
717659883,3
781942983,2
712755783,2
779551533,2
714405183,3
801783108,2
779839758,2
820648608,3
787587033,3
813967983,3
718067658,2
709952658,3
720824883,1
789631908,3
789089958,2
715847058,1
721256808,3
721269108,3
712770408,2
767958933,3
779866458,3
721246833,3
710752233,1
709813008,3
710219658,3
789121233,3
715146558,2
720205608,2
778606308,1
710438358,2
712562433,2
718186233,3
713717283,1
713822208,2
710466633,2
711153783,3
718230933,1
788885133,3
711637458,2
719532108,3
757643733,2
715122858,2
708384033,1
708273858,2
803952408,3
778394358,3
713180433,3
787458783,3
720315933,3
713677158,2
739828308,3
720959058,3
718090233,1
789939558,3
714169908,3
796145133,3
789233808,3
709071408,3
815830083,3
715932708,3
715281933,2
787529583,2
717446208,3
715236783,3
804583833,3
713772333,2
715321983,3
717773433,2
778632933,3
808527183,3
714514008,2
711669258,1
797218233,2
710612583,3
712613808,2
807173358,3
778349883,3
720592533,2
714668433,3
720967233,3
718629858,2
737962608,3
778207083,1
778781508,1
714142158,3
715390608,3
715243458,3
715418508,2
711164508,2
713239308,3
712323183,2
797410983,3
721167783,3
712130058,2
714060408,3
715515333,3
806970033,3
817337958,3
788132208,3
812653383,3
709762908,3
717114708,3
767388783,2
794719983,1
778378983,1
773275083,3
719971458,3
721001883,3
778245633,3
718535733,3
711909933,3
709253433,1
719797758,3
789420933,3
709850508,2
715335558,3
711516783,3
798917883,3
721525758,3
716249508,2
716953083,3
712448658,2
711766758,3
709432833,3
719964933,2
719857008,3
758340108,2
708276183,2
716481408,2
720590058,1
789347133,3
719112258,3
717748608,1
710740008,3
716694108,2
719372583,0
719981508,2
751350558,2
715123983,3
709250508,3
716754783,1
719025333,2
718566858,2
710675508,3
818729208,2
709068183,2
715358283,3
710966433,3
708575058,3
713929533,2
714087258,2
756383283,3
720766908,2
718133733,3
720823458,3
720027258,2
807604233,3
801786483,3
789138258,3
805524708,1
779642733,3
771735933,3
789917208,3
779608083,3
711287733,3
774675933,3
716741508,3
721106133,3
716698608,2
716299608,2
718116933,3
720513333,3
802460433,2
720482583,3
719584608,2
709477233,3
719512983,2
714923583,2
779397183,2
714671658,3
779218233,2
713456583,3
790221633,3
721299483,3
711701958,3
783573408,3
709641933,3
718755483,0
720914358,3
714811533,2
719898108,2
720719883,2
780338733,3
709810458,3
821356083,2
793428408,3
746453583,3
771799008,3
719075883,3
714986583,2
753233733,3
806914158,2
812671758,1
789191358,3
772111083,3
714961383,3
817288458,3
719163108,3
713922183,3
716443608,3
827953683,3
789678483,2
793630083,1
756306183,3
736893108,2
712900308,2
798045708,2
715657833,3
712111608,2
711792783,3
716067333,2
780660183,2
720761208,2
788794758,2
711150333,2
714418158,2
713634108,3
717231558,3
711589758,3
787481208,3
715516458,1
714998508,3
713328108,3
716229108,3
820925433,3
816129258,3
808903308,2
713809833,2
713542008,2
717385083,3
708652908,3
715644633,3
708761733,3
714600258,3
823566408,2
713373708,2
708307533,2
820085808,3
716685033,3
713063958,3
708371733,2
780277458,3
797232183,3
720789933,2
808281483,3
712968708,3
711263058,3
788813658,2
721444758,3
711448983,1
712664658,2
714237033,1
718370733,2
713726958,2
794160408,3
716009883,2
711873033,2
712715208,2
778899708,2
771865908,2
716273133,2
709927458,3
715162608,1
719862258,3
788719533,2
715566408,3
717359208,3
721410858,3
779420583,3
714222183,3
709079883,1
721406658,2
713782608,3
720236433,3
785106933,3
716673258,3
708341958,3
797150733,2
718279983,3
718548558,3
780360558,2
715012833,3
772388508,3
788199858,3
769578108,3
719843958,3
767197983,2
711874833,2
714930333,2
720989133,3
720893958,3
769709058,3
711005583,3
826548708,2
711093408,3
712831908,2
780222408,3
714181008,3
772346358,2
717489033,2
710969433,3
715807383,2
711807333,2
816086508,2
714424533,2
779536233,3
710794983,3
779890833,2
779837808,3
713748708,2
709123908,2
816476658,1
743800833,3
806415183,3
794054058,2
771907158,3
815789883,3
712177908,3
711234783,2
793379058,3
720480183,3
712974558,2
717409533,1
712200033,2
713563383,3
802795608,3
787452333,2
709520058,2
819690933,2
820694133,2
711800658,2
717722958,3
712279683,2
716606733,3
716060358,3
709158333,0
721113333,2
712620858,3
712855683,3
715463133,2
716551533,3
771220758,3
709920258,3
708959583,2
712510833,2
710840433,1
712853358,2
788502858,3
721139808,3
711375558,3
713798958,3
709362033,2
719860308,2
714443058,2
716315508,1
717651333,3
798489258,3
710742408,3
812089383,3
711968358,3
794227308,3
719845908,2
716851908,3
720599658,2
720401658,1
827442858,3
779034708,2
718806783,2
714484008,2
719176308,2
769662033,2
721020858,3
714630858,2
710838108,3
712662783,1
713160258,3
778163508,3
713785608,2
779905008,2
789491058,2
793736958,3
720961383,2
714202008,1
721479108,2
715549158,2
710308983,3
710981583,3
712704933,2
716165508,2
710630583,3
709571958,2
790115358,3
715904433,2
709078908,3
717541308,3
779916408,2
714979383,3
711691608,1
788930358,3
716351208,3
708266883,2
718858683,2
771617883,3
718001508,3
708995283,3
721173183,3
711102858,1
711722808,2
787466808,3
716116383,3
713257083,3
772661808,3
713382558,3
717596883,3
712993008,3
824763783,3
771730758,2
780265458,3
714256758,2
710292333,2
712171158,2
787339158,2
788782008,2
714848958,2
714987633,3
717684858,2
767376483,2
709901058,3
823149483,2
780073158,3
779998083,3
713144208,2
771594783,2
816613158,3
770774133,2
712300683,2
714536208,3
784880958,3
713784558,3
719305608,1
720190083,2
708323208,2
781183233,3
718825908,3
716963283,1
714924483,3
779922183,3
719449533,1
712559058,3
717853233,2
790069233,2
794576058,3
779877858,3
772334133,2
714139308,2
806634783,3
720101658,3
719925483,3
719572833,3
720729108,3
819214233,2
718896108,2
713723433,2
708514383,3
716961033,3
778819083,2
714773508,2
814181433,3
711984633,3
710662158,1
711356733,3
711456108,1
780727833,3
771471708,3
714320358,3
720700008,3
713027058,2
778228458,3
781137783,2
719821908,2
720537633,3
712378983,2
763681908,3
721164483,3
715447008,3
769676358,3
710487033,2
714197133,2
718488783,3
715663458,3
717865008,3
771400608,3
708148158,2
720589008,3
784795083,2
809844108,2
711521958,3
711833508,2
713146683,2
716968683,3
716279508,1
771336783,3
717502083,2
714843483,3
709745508,2
711382458,2
712190358,3
788805858,3
709102458,2
712533708,2
720326733,2
713605908,3
711598533,3
795855258,2
826783233,3
789228108,3
785230083,3
807946833,2
711011508,3
718632933,2
717284133,3
711701058,0
712228458,2
717146208,1
719028783,2
713274183,3
789218433,2
790139583,3
720218658,0
747074058,3
719170683,2
708753633,2
710780883,3
785237958,2
711333933,3
710797833,3
720154533,3
719123958,2
780942633,3
720034983,2
717307158,3
708876183,2
712660308,2
715958583,3
771546708,2
711252258,3
772585008,3
751143858,3
708824958,2
819612933,2
712804383,3
790149483,3
712121508,2
778853358,2
716512383,3
823548858,2
712144158,1
824560758,2
757710783,2
713081583,3
710481333,1
721060083,3
713759583,3
717547383,3
711683358,2
710044308,1
713101383,2
757685733,3
717823383,3
796029483,3
710099358,2
713872008,3
788802483,3
817988433,3
823554783,2
710643183,3
779859558,1
798238008,2
811974483,3
778471758,3
718513233,3
718147233,3
713700258,3
780670083,2
711438033,2
712253058,3
713519508,3
789992733,3
710110683,2
720260433,3
714148758,3
715522233,3
712790358,1
714943233,3
789579033,3
708952758,3
721374033,3
808891983,3
794516508,2
714032883,3
778722033,3
823578483,3
715148658,3
709669533,3
787467858,1
708671733,3
709790058,3
712714008,3
715191258,3
757722708,2
718086783,2
815253708,3
715083633,3
792098883,3
711873858,3
713931258,2
787591008,3
801518958,2
713068833,3
710566533,3
789151983,3
766673433,3
807589908,3
708190158,3
784895358,2
710090133,3
799242033,3
719377383,3
710371683,3
719926683,3
793597833,3
713739708,3
709389558,2
811907583,3
709087983,2
712774908,3
820639908,3
713497983,2
713489358,2
711381183,3
814989933,3
711847833,3
772837083,2
713652783,3
719202708,2
714566133,3
717553683,3
814987983,2
789588933,2
714317058,3
772271508,2
716366208,2
710971908,3
711412533,1
720593583,0
720165258,3
716147658,3
778436283,3
711492258,3
771106458,3
713183508,3
710832108,3
719940483,3
715207458,3
716839983,2
781073733,2
757594083,2
764496708,2
714080433,3
757675158,3
715361433,3
778191933,1
718792758,2
709738008,3
799020258,2
718152333,2
716324583,3
720887058,2
714825408,3
788620083,3
719490108,3
709044183,2
756944133,3
785285883,2
779770683,2
718510983,2
710322033,3
710560008,3
711298458,2
789164283,3
715773783,2
779158533,3
720463833,3
712747758,2
771067308,3
750995508,1
716171358,3
794637333,2
718437033,1
718492908,3
716033508,3
717603858,3
714741933,3
716558283,3
719022558,3
717334233,3
709222008,1
719192808,3
719281533,3
710877108,3
714155283,3
771214083,2
770581983,2
718742808,2
710257683,2
721426383,2
721041483,1
719922558,2
715072533,2
716214108,2
772216833,3
708553008,3
778880358,3
720258183,3
720689583,3
758168133,3
716322783,3
711118083,3
709591533,3
794556333,3
771630783,3
708672708,3
715590258,3
714241083,3
708416433,2
779183958,2
709061658,3
717384183,3
778921908,3
714745608,3
709200633,2
714714558,3
801363633,3
778847808,3
713015433,3
711666708,1
809631483,2
808967883,3
710532258,3
812235108,2
817293258,3
714695883,3
738062658,3
709518858,2
819634233,2
711272058,3
716262708,3
708928008,2
765755283,2
711922158,2
773177358,3
779638983,3
708723858,3
712184133,3
709948233,3
709415583,3
714005508,3
712407033,3
716333283,3
715534083,3
789492558,3
770929383,3
708890133,2
788595183,3
713167383,3
717704433,3
718590183,3
719019483,3
710401458,2
720783558,3
772364358,3
719868183,2
709388058,3
717004533,3
714969183,3
720837708,3
759947433,2
767404083,2
781926633,3
772127508,2
720518283,3
715380483,2
789296133,2
711029358,3
712615008,2
816826008,3
715488483,2
717759783,2
796083783,2
709925733,3
715309083,2
778441533,1
715891533,3
788848458,3
708399858,3
711944733,3
712683633,2
785487783,3
718951683,3
718329183,3
788960658,3
713120433,3
720980958,3
709606158,2
714168183,3
712524858,3
815072283,3
715980258,3
788715483,3
809276808,2
708885558,2
789373683,3
714216858,2
719150658,2
712302783,3
799717458,3
716354883,2
719601708,2
720150858,2
824915208,3
798777708,3
805229133,2
716365233,3
796544133,3
778143183,2
717011958,2
778264008,3
789507408,2
788842008,3
714742758,3
717742908,3
712874433,0
711092658,2
720299283,2
719237058,3
719671383,2
788290383,3
779701983,3
779247483,2
767093133,2
717979008,3
712132383,3
772306383,2
714469008,3
812446158,2
779401233,2
784994883,3
721080183,2
712572858,1
719759733,2
780371433,3
822170733,1
708224133,3
719299533,2
780633483,3
771356508,3
823629333,2
712961658,3
710464683,3
716688183,1
789082758,3
709140858,3
822127008,2
720496158,3
774588633,2
788465583,1
741517458,1
709935708,3
721112508,2
720734583,3
772286658,1
807149058,3
771045708,1
711733308,2
710518308,2
716586408,3
713152383,3
771935283,3
720460083,2
825838908,2
709082808,3
710937783,3
789540108,3
709824633,3
717874533,2
712571883,3
716926758,2
716181858,2
779613933,3
712136058,2
709678608,2
714276408,1
719953383,2
718795083,3
720503508,3
770762133,3
713555133,1
711232608,2
780322908,2
708207783,2
719590458,2
778679883,2
780230208,3
827703258,2
807379833,2
711178383,2
712203333,3
709261383,3
715829358,3
713213133,3
778860783,2
779442783,3
780008358,2
721274208,1
714076683,3
788791383,2
709459608,2
711560058,3
717657333,3
812218908,3
787482033,2
779141658,3
813810333,2
789613083,2
794540883,3
811889808,0
720509433,3
715091208,0
719269308,3
718200333,3
713487633,0
789363408,0
713916708,0
823833483,0
717756258,0
712879158,3
709474683,0
772313358,0
711856683,3
718530258,3
716288208,2
718712583,0
806432433,3
720074583,3
768848658,0
709895508,0
711542358,0
718773333,3
816832383,3
714042108,0
714664683,2
713894358,0
715436883,3
715260558,2
713664258,0
713364783,0
718078008,2
798546408,0
779018508,0
802668333,3
718320933,0
789016983,0
713907633,0
708474333,0
778894233,2
717244683,0
711410958,3
799711833,0
714047733,3
710061783,2
711082908,0
721190358,0
712760208,0
751563933,0
815498733,3
718433508,3
720935658,3
714754533,0
714713508,0
715038033,0
809169858,0
718379358,0
779456508,0
708907833,0
708693558,0
718665933,0
816073983,0
715851333,0
712884408,0
715404783,0
773356008,0
789525408,3
721212258,0
719625933,0
714304458,2
819975183,3
785515533,0
720712533,0
709861008,0
713911233,0
712580958,0
719473458,0
711764733,2
794124708,3
780707733,0
780620883,0
720849708,0
789312033,2
778742358,2
719658858,0
713425383,3
770842833,2
712029783,0
718893333,0
711203658,3
718567758,0
771719283,0
717926358,3
779751258,3
774491958,3
713428833,0
714166833,0
809464608,1
789681708,0
713102733,0
715195383,3
812408058,0
787226508,0
713537733,0
715170183,3
717109983,3
713208033,3
712788258,3
758382183,0
715469583,3
709235058,0
714786483,0
713299758,0
771912408,0
721445658,0
719787633,0
713697933,0
712208658,0
708219108,0
709065483,0
715237683,3
712925808,2
788931558,3
717521508,0
713688933,0
712405908,0
789298833,2
715729683,0
717682233,0
712266633,0
719272458,0
780769308,3
721468533,0
816615633,3
720167508,0
711152658,0
771772083,0
708419733,2
709372608,0
788907033,3
711136008,0
716691783,3
812618883,0
715908558,0
718024908,3
709558608,3
824177733,0
719784708,0
717535083,0
712453308,0
721008933,3
720859533,0
789556533,0
717656433,3
792524358,0
758211483,3
801380808,3
716329383,3
716871633,0
718491708,0
787502883,0
715183308,0
713872833,0
708535158,0
711658758,3
717248583,0
713087958,0
721495458,0
786097158,0
712219083,0
715327683,3
715624533,0
715599633,2
718958583,3
717397983,0
715037133,3
818767458,0
778863258,2
712075083,2
711963183,0
720903258,2
772404633,0
713302758,0
717859233,0
712955433,0
718292283,3
713197308,2
789175683,3
811700058,2
818476383,0
720164358,2
710357208,0
711325308,2
721486908,3
711210633,3
712570458,3
712058133,3
708153558,0
709893858,3
709225758,3
709984083,0
711854808,2
822125283,3
717340608,0
711084183,3
720891633,2
719607183,0
715839708,0
717008358,2
769152783,3
788240358,0
716098683,0
802675983,3
712716108,3
709238358,0
708682908,3
812794983,3
708968733,2
779315508,3
740065833,0
721063533,3
718189908,0
780064983,0
770920908,0
718046433,0
711842508,0
772869033,0
715298808,0
708877458,2
787496733,0
789469083,2
709497108,0
784819758,0
720412308,0
719178183,0
789560433,2
712931733,3
714417183,0
771097683,3
713824983,0
715360458,0
711736083,2
714821433,2
779263533,0
773988708,0
719623083,0
718304583,2
720198183,3
780545133,0
711128433,0
789960783,0
709556208,0
712053033,3
794482158,0
780450708,2
710016708,0
709434408,0
778716783,0
712447758,0
779435883,2
719918358,3
720474408,0
719401158,0
778430733,0
717583908,0
823519458,3
712381683,0
716045508,0
820936533,3
721227258,0
771304383,3
717600483,0
778865583,0
709871658,3
818280108,0
716350008,3
778172583,3
719121708,0
714342033,2
788811558,3
788943333,2
719258433,0
717895833,0
711550983,0
714077583,2
720939933,2
716725008,0
788824083,0
716335983,0
719157933,0
716704158,0
716258358,0
827904183,0
820394733,0
716574033,0
736786908,3
774099708,2
714282333,0
717471933,0
818316108,3
709838508,0
716212383,3
757667133,2
794571108,2
711370458,0
788528958,2
716745408,0
771752508,3
788916933,0
714938733,2
761818758,0
714422058,0
712191783,0
716319258,0
719813058,3
712351908,0
716742483,0
708160008,0
709269708,0
779098308,0
717257658,0
775112958,2
788812608,0
711002058,3
716199408,3
718100808,0
790051758,2
772430733,0
713460258,0
820036533,0
719785683,0
711830433,0
807393558,2
718306308,0
772725408,0
711183558,3
720317658,0
710596983,0
716986458,0
717382608,0
825767658,0
717513933,0
789186858,0
717658758,0
715575258,0
714975633,3
715396983,0
712624383,0
721335558,0
711167808,2
713761608,0
713367858,3
710489583,0
720422358,0
772098858,0
789304983,0
779257233,0
717579258,3
709418508,0
778439883,0
716063583,3
716609433,3
721053633,0
711559008,0
718698558,0
770190258,0
709008708,0
823922208,0
718457058,3
708472008,0
710395233,0
716732958,0
780108408,0
720962208,3
714019083,0
721225083,0
819109308,3
721029858,3
716762733,3
710260983,3
793608258,2
719677758,0
771411408,2
794191008,0
708905733,0
788327358,0
751974258,2
805516608,0
720006333,2
780114558,0
713090658,3
718889508,0
824799108,0
788618208,2
713133258,0
717370533,0
720425508,0
712948383,0
712839633,0
820330008,0
826150608,0
779187783,0
720809358,3
714054408,0
789827208,0
718308558,3
801064833,0
719838558,0
714510483,0
718246458,0
710822808,0
791730183,1
709722858,0
712582983,3
714999483,0
711388458,0
796174983,0
712918083,0
715459158,0
712687083,2
713003358,2
812443458,0
712984983,3
708826158,0
788725608,0
717559533,0
720443358,0
806694333,3
709770408,0
718259433,2
770705208,0
720655833,2
797898858,3
779548008,2
718388733,0
711742758,2
757863258,3
711947358,0
712157958,2
814760358,0
710192283,3
718977483,0
712129158,0
714880533,3
808287408,0
709619433,0
708881583,0
711332883,3
717696333,2
820587258,0
768733533,3
779779083,0
720735408,0
819160158,0
804601833,0
714823308,0
711577458,3
787539333,3
716806383,0
812230308,3
778420383,0
774012933,0
718756533,0
812224983,0
714284358,3
709530408,0
750690258,3
716283108,0
718353633,2
718528833,0
718006608,0
710569233,0
718694658,0
779293308,0
718276758,0
712654233,0
719296383,0
808279158,0
780497958,0
715519983,0
708568983,0
823648983,0
789412458,1
716837508,0
711249858,2
712009083,0
720522633,0
713071383,0
712938258,0
719071158,2
709046958,0
708748833,0
711364233,0
712645908,3
708428958,0
719714658,2
720874983,0
719180958,0
710360583,0
823848183,0
783121008,0
789529158,0
708500883,0
811965558,0
714383583,0
809425533,0
716858433,2
812534958,0
714052158,2
780200208,0
711458583,0
826451433,0
719740983,0
709019283,0
710213508,0
710814633,0
775267158,0
712268808,0
720178158,2
779805408,0
710958933,2
720698883,2
780384483,3
714190983,2
713808633,0
710295858,0
713209308,0
788709408,0
717757608,0
715300683,0
711436983,0
789582483,0
790168083,0
742865883,3
770848308,0
713486583,0
708697983,0
823539558,0
711339258,0
781171908,0
815582358,3
755212608,2
716486508,2
771674958,0
787909158,0
717140733,0
799468083,0
718993533,0
713870958,0
709171308,0
798553158,2
720819858,0
815078433,0
710924658,0
709883883,0
718650258,0
711613308,1
718558758,3
718504233,3
709108533,0
713236458,0
714352533,0
717353433,0
813804783,2
771062733,0
715649358,2
713552958,0
715209333,0
769935783,0
815613033,0
718732833,3
816328308,0
711814608,0
803216433,3
710694033,0
709257708,0
720174033,0
820666083,0
712044558,3
713131158,2
803335008,0
795869583,0
789535233,0
716441058,0
718113633,2
708908883,0
712152408,0
708229308,2
715351983,0
798451908,0
794962983,0
721000833,0
720086358,0
710064033,2
780588258,0
710833908,0
714449283,0
772339383,0
721382208,0
779349783,0
789450408,0
709210833,0
821752908,0
789878283,0
709319658,2
719222133,0
715551783,0
712718958,0
709764483,2
783361533,0
717942033,0
817908783,0
713708358,0
713705358,0
789551883,0
812247033,2
717580458,2
780551733,0
719722308,0
718328283,0
826061508,0
715610733,3
710161083,2
712464933,0
768181608,0
713869083,0
711465333,0
719924433,0
719248158,0
719944458,0
715799808,2
721264533,0
711838008,0
711826983,2
719413383,0
712990458,0
789594108,0
718764708,0
820271208,0
708369633,3
712055433,0
721114458,0
714959358,0
708396033,0
719593608,2
715830558,0
716406483,0
714941358,2
716088783,2
718458858,2
715754133,0
715630983,2
712768983,2
716881683,3
711108408,0
717565233,0
789539058,0
768643158,0
721530633,0
721188033,0
810261633,0
717529233,2
719365233,0
720943308,0
714425283,0
711794358,2
719683158,2
709406733,0
708572658,0
714001008,0
712833633,0
716260833,3
708863733,0
717076458,0
712412958,0
720535008,0
711578658,0
709373883,0
780730008,0
824816358,0
716106108,0
709807383,0
716430933,0
789866133,0
718634058,0
715129983,0
717177783,0
719694408,2
806992533,0
718045008,2
711010683,0
714759708,0
718801158,0
712256358,0
779803008,0
710968008,0
771584658,0
718102758,0
811076883,2
770970558,0
758863383,0
716863458,2
766821033,3
814590483,0
773283108,0
721006458,0
714615258,3
788687133,0
820108008,0
717781608,0
720136458,0
716247708,0
714968208,0
719913783,0
720621408,0
721169883,0
719324658,0
714577233,0
712367658,0
803655333,0
710455608,2
711328458,0
708123033,0
713514633,2
710745633,0
710374008,0
772166058,0
715017858,0
717571683,2
743420208,0
716201883,0
714593883,0
711003483,0
819628158,0
712021233,2
708573933,0
710758683,0
718288833,0
708873183,0
766224933,0
771626283,0
720372483,0
712916958,2
716124408,3
714128283,0
708163758,0
716979183,0
716480358,0
800758233,2
720413658,0
715832058,0
716323683,0
819616383,0
771069033,0
821241708,2
716987358,2
710300733,0
712497783,0
709259958,3
716296833,0
715728108,0
771507258,0
713758758,0
779809908,0
816310158,0
780349833,0
818235408,0
709213458,2
719634408,0
709934808,0
712238958,0
711813258,0
789983133,0
792139308,0
718123608,0
715369008,0
717556758,0
718252533,3
716340783,0
717898758,2
825743583,0
717711108,0
789791808,0
807971658,0
770220558,2
818239983,0
712544358,0
720306408,0
721488858,0
710771433,0
708662583,2
717663033,0
721524858,0
788778033,0
708649683,0
708770883,0
708152358,3
719210133,0
714690633,0
719719158,0
712690458,0
718758783,0
716947083,0
709075533,2
712952283,0
718799958,0
718663983,3
789550458,0
708226833,0
714361083,2
714608583,2
710775483,0
709410033,0
717173358,0
719773158,0
771292233,0
756371058,0
709476033,0
770560683,0
788766933,0
713550483,0
709928358,0
713895633,0
720471108,0
718192608,0
805485933,0
712517808,0
780604083,0
715311183,0
712265508,2
715051608,3
757786608,0
714303483,0
718728108,0
710019933,0
812453283,0
717439983,3
714391683,3
827901183,0
708841233,3
710663508,0
716439258,0
719610708,0
715026258,0
711706458,0
712180308,0
802622733,0
778832883,0
788671608,0
718023708,0
718692258,0
718357458,0
714003483,0
713632983,2
711008508,0
815230458,0
719612583,2
709514433,0
815826708,0
815520333,0
718661958,0
788980983,0
721171008,0
714682233,0
720736608,0
718333983,3
772207683,0
714794133,0
756639708,0
713686008,0
713475633,0
717518733,2
712532058,0
789666333,0
711422358,0
708510858,0
767023308,0
789289383,0
708805908,2
710155158,2
713330133,0
714403983,0
720353808,2
710362233,0
771484908,0
717047583,3
715694433,0
793456983,0
715742658,0
715518783,0
779514558,0
720017958,0
712895733,0
719039283,0
719629308,0
754443033,2
716159958,0
712195383,0
822885033,0
716543433,0
717403158,0
826065258,0
709397508,0
720748608,2
709823733,2
713542908,0
720512433,0
713671158,0
802449933,0
716723658,0
710451708,0
809540733,0
716372358,0
710162133,0
710878308,3
710262408,0
713975433,0
771244383,0
710405808,0
715542783,0
815840283,0
788908308,0
789394833,0
712609533,0
710237283,0
770766633,0
823837158,0
712123008,0
711727083,0
720033033,0
787723758,0
770926158,0
711360783,0
708285108,0
713390433,3
718096608,0
719094333,0
813764283,0
713398158,0
711227883,0
810040908,0
772640808,0
784907658,0
794692158,0
718383183,0
721156758,0
811793433,0
712010358,2
719420058,0
809459733,0
798783858,0
711432258,2
721294533,0
718425333,0
714294183,2
714637908,0
712341933,0
708332808,0
708354858,2
766649283,0
817951083,0
708301683,0
713655108,0
714560358,0
712113558,0
710603958,0
720597108,3
713810658,0
721519908,0
712025958,0
794740458,0
709814883,0
719767683,2
715321008,3
710106933,0
716655858,0
778260108,0
713986908,0
780042633,2
713269533,0
713868033,0
708103608,0
789684258,3
779067408,0
712231308,0
761079783,2
787518258,2
717631908,2
769396158,2
713462508,0
716717733,0
709383933,3
717283008,0
793449333,0
710873583,0
718486608,0
716748483,0
715113933,0
711160233,0
715714458,2
709615458,0
719955558,0
713072358,0
721402233,0
713691633,0
708866133,0
757256358,0
784868958,0
710845308,0
719368533,0
718337733,0
715132758,0
712556433,0
718947558,0
710303208,0
804158583,0
711720408,0
715808808,0
715076358,2
718343058,0
769667583,2
709013208,0
716004258,0
715645908,2
717724233,0
719850933,0
790131033,0
721211433,0
721290708,0
712107783,0
818960133,0
713560758,3
718579833,0
778643733,0
770977833,0
708721533,0
772300383,0
751155783,0
768457008,0
794494308,0
710980383,2
716663808,0
712912233,0
717992433,0
709971708,2
715600533,0
710153583,2
794132808,0
720565458,2
715496058,2
709015833,0
718612758,0
712438308,0
716238483,0
718297683,2
712206033,0
710904708,0
711190233,0
710535708,0
794573883,0
719118708,2
790201158,0
779333883,2
719805183,0
721220583,0
779685558,0
713965683,0
710667708,0
718979733,0
712104333,0
793560033,0
779920533,0
717480783,0
709066983,0
718528008,0
712390683,0
826245858,2
712966458,0
709467183,0
710529708,0
789817833,3
712363158,0
717060858,3
718060983,0
711600033,0
709910733,0
757291008,2
819376683,0
720458883,0
708963258,0
711746133,2
715249533,0
708522033,0
708496833,2
717464958,0
751166508,0
795218883,0
710856558,0
721107258,0
716457783,0
710810883,0
710895708,2
789200208,0
718578708,0
719859033,2
713036208,0
771769383,0
718316058,0
710155983,2
779571708,2
718042383,0
710244108,0
806649333,0
789280683,0
713318733,2
709611183,2
712441308,2
709315383,0
710141208,0
711684408,0
758331483,0
715825458,3
708248358,0
779808333,0
715989108,0
714912408,0
827683383,0
719595708,0
711566208,0
711161133,2
715052583,0
714586458,0
711523533,0
756658083,0
709247808,0
713242383,0
717135333,0
716150358,0
717457008,2
711822933,0
803968233,0
779037408,0
709007883,0
714635883,0
779914383,0
712841883,3
719582058,0
708387933,0
717251508,0
710699283,0
709141908,0
720356133,0
717788958,0
778563858,0
711096633,2
716816583,0
719841708,0
708555633,0
714638883,0
809147283,0
708197358,2
757247808,3
820922733,0
807977808,3
712863183,0
778825908,0
713379258,0
710232483,0
710170758,3
803421108,0
792152283,0
717291333,0
714928158,0
780511683,2
772491333,0
719847108,3
808045833,0
708385533,2
770205708,0
719379858,2
709657533,3
798788958,0
720011958,0
708982158,0
710803983,0
719768658,0
711355908,0
813153108,0
712487883,2
753220383,2
708340758,2
720852108,0
716728233,0
711863433,0
779422458,0
715573758,0
794530608,0
718376583,2
720827133,2
767414808,0
718919433,0
708694983,0
719270358,0
708948483,0
708462258,0
716721483,0
799011558,0
710697408,0
710527533,2
709996833,2
718531983,0
715554708,0
718774533,0
712337208,0
714022833,2
710026458,0
710178558,0
768712383,2
711156858,3
719799033,0
720788883,0
710306358,3
758617233,0
720163458,0
708482658,0
826148883,0
779055033,3
713118183,0
714103083,0
714145233,2
719547033,2
720899058,0
789432033,2
717214158,0
715269483,0
718805733,0
789780033,0
716482533,0
708319908,3
711663858,0
716894658,0
714082308,2
708082083,0
714820158,0
713347608,2
721395633,0
721438233,0
713987808,0
721086483,0
709969758,0
801502008,0
819051183,0
710858658,0
716002458,0
718080558,2
788019483,0
716151858,0
717241233,0
713880633,2
712374708,0
721145433,0
711398433,0
715601808,0
717324183,0
720557883,0
708759408,0
719430483,0
758753283,2
716933283,0
773172483,2
721459008,0
710639658,0
710710233,0
708996708,0
713315433,0
712941483,2
789890958,0
714757083,2
789237333,0
714949758,0
714136233,2
778888083,2
710923533,0
709385133,0
716836308,0
720633558,0
712846458,0
709399908,0
772698783,0
718665033,2
771561183,3
789008508,0
719439108,0
720817533,0
813901458,0
717783483,0
718299933,0
789074358,0
712036383,2
720618033,0
720415833,0
720385608,0
709937583,0
770743983,0
715671183,3
711283008,0
778873608,0
709592808,0
773306658,0
822084333,2
708821733,2
711070683,0
772596783,0
806917983,0
719329983,0
710190858,0
708880683,0
709332408,0
710751033,2
710679933,2
710849208,0
710056758,0
713520858,0
714710733,0
766769058,0
716990883,0
718298733,0
717174558,2
714543633,2
715756683,0
719400108,0
710463408,0
708245808,0
799253808,0
716552433,0
720995583,0
780118158,0
713668158,2
709249083,2
717081483,0
718455633,0
708974283,0
713399583,0
713293983,3
714785508,0
827318958,0
718496283,0
709608708,3
710939283,0
770824833,0
779082633,0
720515883,0
747885858,0
779140533,0
716619558,0
788633733,0
715291908,0
709977933,2
716454858,0
720539583,0
739021908,0
711289533,0
716464533,0
710590683,2
710081208,2
717482658,0
712246983,0
711460458,2
713159133,0
710047533,3
716708583,2
712766208,0
715150983,2
717991533,0
797641683,0
714879483,2
720105933,0
804670758,0
818987958,0
824160333,0
714919308,2
717928308,0
788890533,0
779692608,0
717774333,2
718140783,0
714465558,0
804431283,0
715199808,0
759584958,0
758802333,0
720237408,0
713787333,0
709660233,3
721005108,0
809589783,0
712627083,2
778444908,0
711433908,2
768728508,0
789937683,0
711788583,0
819196158,0
710207208,0
713994108,0
712509108,2
711745233,2
778745058,0
721455558,0
710721858,2
769206483,0
769587258,0
712080333,0
712457208,2
719934783,0
709589208,0
714860808,0
713934633,3
773185833,0
715923408,0
778956033,0
712260633,0
714945708,2
720971358,0
719701383,0
764316708,0
715545933,0
714524583,0
780079833,0
714199008,2
719941533,0
715544883,0
710122458,0
713833233,0
719326758,0
711686658,0
708964683,0
718840833,2
797228883,0
709566408,2
780097533,0
715020933,2
711149133,3
716832858,2
715154058,3
789497283,3
711834708,0
785038908,0
720001758,0
778428108,0
715268508,0
788741733,0
717355533,0
712128258,0
735825258,0
714544908,2
818712633,0
709831983,0
789398733,0
716850558,0
717316008,0
714677583,2
767348733,0
779900808,0
719900733,0
816517683,0
755305683,0
715769958,0
715493733,2
827440458,3
715713408,0
720128658,2
770038983,0
714684108,2
708942408,0
779134458,3
710066133,2
709578258,0
718043583,0
715186608,0
708447858,0
718071933,0
771217758,0
721210158,0
788779983,0
718614183,2
709865883,2
766273533,0
717390408,2
718655808,0
817035108,0
747551658,0
713281833,0
771982083,0
717642633,0
772721208,0
714385983,0
712516608,0
714725883,0
709398708,0
715090008,0
709159308,0
711348033,0
788230158,0
718170033,0
718161708,0
717714633,0
824150733,0
713768358,0
709188108,0
720328983,2
712296408,0
719106783,0
713437008,3
719574033,0
716123283,0
789023508,0
710005683,0
801036033,0
716644008,2
709094358,0
719848008,0
718372458,0
720608658,0
717185658,2
715474083,0
709646433,0
717494358,0
713924283,0
714471183,2
780613758,0
718225683,0
710734308,0
708564858,2
713733633,0
720841533,0
712210458,0
714109308,0
712503408,0
713755458,2
716893683,3
710841183,0
713899383,0
772366833,0
710638233,3
716506083,2
717406983,2
714337233,3
